season,season_label,date,location,outcome,point_margin,opponent,opp_conference,started,minutes,fg,fga,fg_pct,fg3,fg3a,ft,fta,rebounds,assists,steals,blocks,turnovers,points,game_score,double_double,triple_double,age
1,1996-97,1996-11-03,Home,W,6,MIN,Western,0,6.22,0,1,0.0,0,0,0,0,1,0,0,1,1,0,-1.1,0,0,18
1,1996-97,1996-11-05,Away,W,6,NYK,Eastern,0,3.16,0,1,0.0,0,0,1,2,0,0,0,0,1,1,-1.1,0,0,18
1,1996-97,1996-11-06,Away,L,-10,CHH,Eastern,0,6.49,2,3,0.667,1,2,0,0,0,0,0,0,3,5,0.7,0,0,18
1,1996-97,1996-11-08,Away,L,-1,TOR,Eastern,0,17.15,3,8,0.375,2,3,2,4,3,0,0,1,0,10,5.2,0,0,18
1,1996-97,1996-11-10,Home,W,7,ATL,Eastern,0,8.25,0,3,0.0,0,0,2,2,3,1,0,0,0,2,1.9,0,0,18
1,1996-97,1996-11-12,Away,W,11,HOU,Western,0,5.03,1,2,0.5,0,1,0,0,1,0,0,0,2,2,-0.7,0,0,18
1,1996-97,1996-11-13,Away,L,-12,SAS,Western,0,6.06,2,2,1.0,1,1,1,1,0,0,1,0,0,6,5.6,0,0,18
1,1996-97,1996-11-15,Home,W,7,LAC,Western,0,7.01,1,4,0.25,0,2,2,3,0,0,0,0,1,4,-1.4,0,0,18
1,1996-97,1996-11-17,Away,W,14,PHO,Western,0,14.29,5,8,0.625,4,6,2,2,2,2,0,0,4,16,10.4,0,0,18
1,1996-97,1996-11-19,Away,W,3,GSW,Western,0,7.47,0,2,0.0,0,1,3,4,2,1,0,0,1,3,0.7,0,0,18
1,1996-97,1996-11-20,Home,L,-16,UTA,Western,0,20.32,4,5,0.8,3,3,0,0,1,1,0,1,2,11,8.4,0,0,18
1,1996-97,1996-11-26,Away,W,12,PHI,Eastern,0,20.52,4,10,0.4,2,5,2,2,1,1,0,0,3,12,4.2,0,0,18
1,1996-97,1996-11-27,Away,L,-16,BOS,Eastern,0,19.33,1,7,0.143,0,3,0,0,4,1,0,1,2,2,-2.7,0,0,18
1,1996-97,1996-11-29,Away,W,8,DET,Eastern,0,6.35,0,1,0.0,0,0,1,2,1,0,0,1,0,1,0.9,0,0,18
1,1996-97,1996-12-01,Home,W,8,DEN,Western,0,2.41,1,2,0.5,0,0,0,0,1,0,0,0,1,2,0.3,0,0,18
1,1996-97,1996-12-04,Away,L,-26,UTA,Western,0,13.24,2,6,0.333,0,0,4,6,3,2,0,0,1,8,5.1,0,0,18
1,1996-97,1996-12-08,Home,W,24,MIN,Western,0,22.02,3,10,0.3,0,3,5,6,3,3,2,2,3,11,8.2,0,0,18
1,1996-97,1996-12-10,Away,W,2,SAC,Western,0,6.07,0,1,0.0,0,1,0,0,1,1,1,0,1,0,0.3,0,0,18
1,1996-97,1996-12-17,Away,L,-6,CHI,Eastern,0,9.48,2,5,0.4,1,2,0,2,1,0,0,1,0,5,2.1,0,0,18
1,1996-97,1996-12-18,Away,W,6,MIL,Eastern,0,7.49,0,0,,0,0,0,0,3,1,0,1,1,0,2.1,0,0,18
1,1996-97,1996-12-21,Away,L,-15,MIN,Western,0,11.38,2,3,0.667,1,2,0,0,1,0,0,1,3,5,0.9,0,0,18
1,1996-97,1996-12-25,Away,W,21,PHO,Western,0,5.12,0,2,0.0,0,1,0,0,1,0,0,0,0,0,-1.5,0,0,18
1,1996-97,1996-12-29,Home,W,13,PHI,Eastern,0,6.31,0,1,0.0,0,0,0,0,1,0,1,0,1,0,-1.6,0,0,18
1,1996-97,1997-01-02,Away,W,7,SAC,Western,0,10.29,2,3,0.667,0,1,0,0,1,2,1,0,0,4,4.2,0,0,18
1,1996-97,1997-01-03,Home,W,7,SAC,Western,0,22.16,6,10,0.6,0,2,9,10,5,1,2,2,0,21,22.0,0,0,18
1,1996-97,1997-01-05,Away,W,13,VAN,Western,0,28.48,6,9,0.667,1,1,3,4,5,3,1,0,2,16,14.3,0,0,18
1,1996-97,1997-01-06,Away,L,-4,POR,Western,0,23.12,3,9,0.333,1,3,1,2,2,2,2,0,2,8,3.3,0,0,18
1,1996-97,1997-01-08,Home,W,4,CHH,Eastern,0,21.32,4,13,0.308,0,2,1,2,1,2,2,1,2,9,3.1,0,0,18
1,1996-97,1997-01-10,Home,W,9,MIA,Eastern,0,7.46,1,3,0.333,0,1,0,0,3,0,0,0,2,2,-0.4,0,0,18
1,1996-97,1997-01-14,Home,W,10,VAN,Western,0,5.34,1,6,0.167,0,2,0,0,0,0,1,0,0,2,-1.2,0,0,18
1,1996-97,1997-01-18,Home,L,-3,DET,Eastern,0,32.2,8,13,0.615,3,5,2,2,2,5,1,0,4,21,15.8,0,0,18
1,1996-97,1997-01-20,Home,W,10,DAL,Western,0,13.24,3,7,0.429,0,0,0,0,2,1,1,0,5,6,-0.8,0,0,18
1,1996-97,1997-01-24,Home,W,17,GSW,Western,0,24.54,4,8,0.5,1,4,8,8,6,4,1,0,3,17,16.0,0,0,18
1,1996-97,1997-01-26,Away,W,1,SEA,Western,0,17.02,3,6,0.5,1,1,0,0,1,1,1,0,3,7,3.4,0,0,18
1,1996-97,1997-01-28,Away,W,19,DAL,Western,1,31.45,5,11,0.455,0,3,2,3,3,2,2,1,3,12,7.9,0,0,18
1,1996-97,1997-01-29,Away,W,7,SAS,Western,1,29.51,6,12,0.5,3,7,4,4,4,0,2,2,3,19,14.2,0,0,18
1,1996-97,1997-02-02,Home,W,30,WSB,Eastern,0,24.0,2,9,0.222,0,1,9,9,3,3,0,0,1,13,9.5,0,0,18
1,1996-97,1997-02-04,Away,L,-22,LAC,Western,0,22.32,2,10,0.2,0,2,2,2,3,0,2,0,2,6,0.3,0,0,18
1,1996-97,1997-02-05,Home,W,16,CHI,Eastern,0,12.4,2,7,0.286,1,2,0,0,3,0,0,1,0,5,2.9,0,0,18
1,1996-97,1997-02-12,Away,W,16,MIN,Western,0,11.02,0,4,0.0,0,0,2,3,2,3,0,1,1,2,1.2,0,0,18
1,1996-97,1997-02-13,Away,W,15,DEN,Western,0,20.0,4,10,0.4,1,2,0,0,2,3,1,0,1,9,5.9,0,0,18
1,1996-97,1997-02-16,Home,L,-11,SEA,Western,0,12.55,0,3,0.0,0,1,0,0,1,0,0,0,2,0,-4.6,0,0,18
1,1996-97,1997-02-19,Home,L,-19,CLE,Eastern,1,23.27,3,7,0.429,2,4,2,2,2,0,0,2,1,10,6.1,0,0,18
1,1996-97,1997-02-21,Home,W,8,VAN,Western,0,5.15,1,1,1.0,0,0,0,0,1,0,0,0,2,2,0.0,0,0,18
1,1996-97,1997-02-23,Home,L,-6,NYK,Eastern,0,3.47,0,2,0.0,0,1,0,0,1,0,0,0,0,0,-1.5,0,0,18
1,1996-97,1997-02-28,Away,L,-11,ATL,Eastern,0,1.23,0,1,0.0,0,0,0,0,0,0,0,0,0,0,-0.7,0,0,18
1,1996-97,1997-03-02,Away,L,-16,IND,Eastern,0,21.28,4,9,0.444,0,1,2,2,1,1,0,0,1,10,5.3,0,0,18
1,1996-97,1997-03-04,Away,W,10,DAL,Western,0,6.18,0,2,0.0,0,1,0,0,2,0,0,0,0,0,-0.4,0,0,18
1,1996-97,1997-03-07,Home,L,-21,HOU,Western,0,17.23,3,10,0.3,0,4,2,2,1,1,1,0,1,8,2.8,0,0,18
1,1996-97,1997-03-09,Home,W,10,NJN,Eastern,0,26.02,3,6,0.5,1,3,5,5,2,2,2,1,0,12,12.9,0,0,18
1,1996-97,1997-03-12,Home,W,8,GSW,Western,0,18.17,6,10,0.6,4,6,2,3,1,0,3,0,3,18,12.1,0,0,18
1,1996-97,1997-03-14,Home,L,-2,LAC,Western,0,26.07,6,13,0.462,3,4,1,2,4,1,3,0,1,16,12.8,0,0,18
1,1996-97,1997-03-16,Home,W,8,TOR,Eastern,0,22.35,2,9,0.222,2,7,4,4,5,1,0,0,1,10,5.3,0,0,18
1,1996-97,1997-03-17,Away,W,19,DEN,Western,0,10.21,3,7,0.429,2,4,0,0,0,1,2,0,1,8,6.0,0,0,18
1,1996-97,1997-03-20,Away,W,13,CLE,Eastern,0,2.58,0,1,0.0,0,0,0,0,1,1,0,0,2,0,-2.1,0,0,18
1,1996-97,1997-03-21,Away,L,-1,MIA,Eastern,0,2.56,0,0,,0,0,0,0,0,0,0,0,0,0,0.0,0,0,18
1,1996-97,1997-03-23,Away,L,-26,ORL,Eastern,0,18.44,3,6,0.5,0,1,2,2,2,4,0,0,4,8,4.4,0,0,18
1,1996-97,1997-03-24,Away,W,25,NJN,Eastern,0,8.48,2,3,0.667,0,0,2,3,1,0,0,0,1,6,4.0,0,0,18
1,1996-97,1997-03-26,Home,W,22,MIL,Eastern,1,32.02,7,14,0.5,2,4,3,4,1,4,2,0,1,19,15.3,0,0,18
1,1996-97,1997-03-27,Away,W,4,VAN,Western,1,42.41,6,16,0.375,1,5,7,7,8,4,3,0,3,20,16.8,0,0,18
1,1996-97,1997-04-01,Away,W,2,SEA,Western,0,12.1,4,5,0.8,1,1,0,0,1,1,0,0,2,9,4.1,0,0,18
1,1996-97,1997-04-02,Home,W,25,DEN,Western,0,16.28,2,6,0.333,0,0,2,2,3,3,1,0,1,6,5.6,0,0,18
1,1996-97,1997-04-04,Home,L,-11,SAS,Western,0,17.18,4,6,0.667,0,1,7,7,0,3,0,0,3,15,10.7,0,0,18
1,1996-97,1997-04-06,Home,W,7,DAL,Western,0,21.45,3,9,0.333,2,4,5,5,2,3,3,0,1,13,11.8,0,0,18
1,1996-97,1997-04-08,Away,W,24,GSW,Western,0,24.42,9,11,0.818,2,3,4,7,2,3,1,0,5,24,16.6,0,0,18
1,1996-97,1997-04-09,Away,L,-12,UTA,Western,0,33.27,3,12,0.25,1,2,4,6,2,3,1,0,2,11,4.3,0,0,18
1,1996-97,1997-04-11,Home,W,16,PHO,Western,1,27.59,3,7,0.429,1,2,0,0,1,1,1,0,1,7,3.9,0,0,18
1,1996-97,1997-04-13,Home,W,2,UTA,Western,0,15.3,3,5,0.6,0,1,6,6,1,4,0,1,1,12,12.9,0,0,18
1,1996-97,1997-04-17,Home,W,9,SAC,Western,0,15.47,1,4,0.25,0,1,1,2,2,1,1,0,3,3,-1.3,0,0,18
1,1996-97,1997-04-18,Away,W,28,LAC,Western,0,14.46,0,0,,0,0,5,8,1,2,0,0,2,5,3.1,0,0,18
1,1996-97,1997-04-20,Away,L,-4,POR,Western,0,3.47,0,0,,0,0,2,2,1,1,0,1,2,2,1.7,0,0,18
2,1997-98,1997-10-31,Home,W,17,UTA,Western,0,32.57,5,13,0.385,0,2,13,14,3,5,1,0,1,23,19.5,0,0,19
2,1997-98,1997-11-04,Away,W,3,SAC,Western,0,21.06,2,10,0.2,0,2,0,0,3,3,2,1,3,4,0.9,0,0,19
2,1997-98,1997-11-07,Home,W,5,NYK,Eastern,0,19.3,1,9,0.111,0,2,2,3,1,1,1,0,0,4,-1.1,0,0,19
2,1997-98,1997-11-09,Home,W,35,GSW,Western,0,23.44,11,18,0.611,2,3,1,2,3,5,3,1,0,25,24.9,0,0,19
2,1997-98,1997-11-16,Home,W,26,VAN,Western,0,16.13,2,6,0.333,1,4,6,6,1,1,0,0,2,11,5.8,0,0,19
2,1997-98,1997-11-18,Away,W,5,UTA,Western,0,28.58,4,10,0.4,0,2,11,12,5,2,0,2,2,19,15.1,0,0,19
2,1997-98,1997-11-19,Home,W,25,MIN,Western,0,33.31,9,18,0.5,1,5,1,1,3,3,2,0,2,20,13.2,0,0,19
2,1997-98,1997-11-23,Home,W,17,LAC,Western,0,29.06,8,21,0.381,0,2,8,9,5,4,4,0,1,24,19.4,0,0,19
2,1997-98,1997-11-25,Away,L,-17,MIA,Eastern,0,27.06,7,21,0.333,1,5,1,5,2,3,3,0,2,16,6.2,0,0,19
2,1997-98,1997-11-26,Away,W,15,BOS,Eastern,0,27.58,5,11,0.455,1,1,3,8,5,2,1,0,7,14,3.6,0,0,19
2,1997-98,1997-11-28,Away,L,-10,PHI,Eastern,0,22.41,7,11,0.636,3,5,2,5,2,1,0,1,4,19,9.7,0,0,19
2,1997-98,1997-11-30,Home,W,6,TOR,Eastern,0,18.44,2,8,0.25,0,1,2,2,5,3,1,0,2,6,2.6,0,0,19
2,1997-98,1997-12-03,Away,W,18,DEN,Western,0,23.58,3,10,0.3,1,3,3,4,4,5,0,2,2,10,7.9,0,0,19
2,1997-98,1997-12-05,Home,W,10,SAS,Western,0,27.09,4,10,0.4,1,3,8,8,4,5,3,0,0,17,19.3,0,0,19
2,1997-98,1997-12-07,Home,L,-10,CLE,Eastern,0,28.35,5,15,0.333,2,4,9,10,4,2,0,0,1,21,12.1,0,0,19
2,1997-98,1997-12-08,Away,L,-6,POR,Western,0,25.08,6,14,0.429,1,3,6,8,2,1,1,0,3,19,8.9,0,0,19
2,1997-98,1997-12-10,Away,L,-1,GSW,Western,0,30.15,7,15,0.467,2,3,4,8,6,4,1,0,2,20,15.5,0,0,19
2,1997-98,1997-12-12,Home,W,17,HOU,Western,0,25.47,8,15,0.533,2,4,9,10,5,1,2,0,1,27,22.5,0,0,19
2,1997-98,1997-12-14,Home,W,30,DAL,Western,0,31.57,12,21,0.571,3,7,3,4,3,3,0,0,2,30,19.9,0,0,19
2,1997-98,1997-12-16,Away,W,13,MIN,Western,0,23.1,7,15,0.467,0,2,5,5,6,0,0,0,1,19,11.7,0,0,19
2,1997-98,1997-12-17,Away,L,-21,CHI,Eastern,0,29.06,12,20,0.6,3,5,6,9,3,2,0,0,0,33,24.1,0,0,19
2,1997-98,1997-12-19,Away,W,2,ATL,Eastern,0,30.52,7,16,0.438,1,4,4,6,2,1,3,0,2,19,11.7,0,0,19
2,1997-98,1997-12-20,Away,W,9,CHH,Eastern,0,26.28,5,14,0.357,1,3,2,2,1,1,0,0,1,13,4.4,0,0,19
2,1997-98,1997-12-22,Away,W,11,HOU,Western,0,26.28,6,13,0.462,2,4,5,6,5,0,2,1,2,19,13.7,0,0,19
2,1997-98,1997-12-26,Home,W,4,LAC,Western,0,26.56,7,15,0.467,2,5,0,1,1,2,0,1,1,16,7.7,0,0,19
2,1997-98,1997-12-28,Home,L,-6,BOS,Eastern,0,25.38,5,11,0.455,0,2,7,10,0,1,2,1,2,17,9.9,0,0,19
2,1997-98,1997-12-30,Home,W,13,SAC,Western,0,28.21,4,10,0.4,0,1,4,6,4,1,0,1,2,12,5.6,0,0,19
2,1997-98,1998-01-02,Home,W,10,ATL,Eastern,0,24.05,5,8,0.625,2,3,0,0,3,4,2,0,3,12,11.1,0,0,19
2,1997-98,1998-01-04,Home,L,-6,PHI,Eastern,0,31.28,6,18,0.333,1,3,7,11,6,4,2,0,0,20,13.6,0,0,19
2,1997-98,1998-01-06,Away,W,13,VAN,Western,0,24.32,6,10,0.6,1,1,3,3,2,2,2,0,1,16,14.4,0,0,19
2,1997-98,1998-01-07,Home,W,12,MIL,Eastern,0,20.09,4,7,0.571,0,1,9,10,2,2,2,1,3,17,14.6,0,0,19
2,1997-98,1998-01-09,Away,W,10,LAC,Western,0,26.43,4,11,0.364,0,2,7,7,0,2,2,1,1,15,10.8,0,0,19
2,1997-98,1998-01-11,Home,L,-5,CHH,Eastern,0,14.22,3,9,0.333,0,2,0,0,2,1,0,0,1,6,0.8,0,0,19
2,1997-98,1998-01-14,Home,W,18,DEN,Western,0,23.06,3,8,0.375,1,3,7,8,3,5,0,0,2,14,11.6,0,0,19
2,1997-98,1998-01-17,Home,W,9,MIA,Eastern,0,26.47,6,9,0.667,1,2,8,9,5,2,0,0,4,21,15.2,0,0,19
2,1997-98,1998-01-19,Home,W,3,ORL,Eastern,0,31.02,4,7,0.571,1,2,7,7,2,1,1,1,1,16,15.1,0,0,19
2,1997-98,1998-01-21,Away,W,10,PHO,Western,0,34.22,7,12,0.583,3,4,8,10,5,3,0,1,2,25,20.1,0,0,19
2,1997-98,1998-01-24,Away,L,-6,SEA,Western,0,33.19,6,14,0.429,1,4,5,8,4,0,0,1,3,18,6.7,0,0,19
2,1997-98,1998-01-28,Home,L,-11,NJN,Eastern,0,34.38,10,19,0.526,0,3,6,8,5,0,0,0,2,26,15.4,0,0,19
2,1997-98,1998-01-30,Home,W,7,MIN,Western,0,29.58,7,16,0.438,2,3,6,9,3,7,0,0,4,22,13.4,0,0,19
2,1997-98,1998-02-01,Home,W,25,CHI,Eastern,0,26.21,7,16,0.438,2,6,4,7,4,1,2,0,1,20,11.7,0,0,19
2,1997-98,1998-02-04,Home,W,7,POR,Western,0,28.36,6,10,0.6,1,2,13,13,4,4,3,1,1,26,26.9,0,0,19
2,1997-98,1998-02-10,Away,L,-12,POR,Western,1,30.02,6,13,0.462,2,3,3,5,4,2,1,1,1,17,12.0,0,0,19
2,1997-98,1998-02-11,Home,W,6,GSW,Western,0,22.22,5,11,0.455,0,0,1,2,5,0,0,0,4,11,2.8,0,0,19
2,1997-98,1998-02-13,Home,L,-5,SEA,Western,0,40.45,4,13,0.308,0,4,7,7,3,6,0,1,1,15,12.3,0,0,19
2,1997-98,1998-02-15,Home,L,-2,HOU,Western,0,33.09,8,15,0.533,2,5,0,0,2,0,1,0,2,18,10.3,0,0,19
2,1997-98,1998-02-18,Away,L,-7,PHO,Western,0,24.01,3,8,0.375,0,1,2,2,4,4,2,0,4,8,4.8,0,0,19
2,1997-98,1998-02-19,Home,W,39,DEN,Western,0,34.43,7,10,0.7,0,0,7,8,4,7,0,0,0,21,22.5,0,0,19
2,1997-98,1998-02-22,Away,L,-2,ORL,Eastern,0,36.43,6,15,0.4,2,3,4,5,3,4,2,0,2,18,12.8,0,0,19
2,1997-98,1998-02-24,Away,W,17,MIL,Eastern,0,24.41,3,12,0.25,1,1,5,5,5,2,0,0,1,12,6.3,0,0,19
2,1997-98,1998-02-25,Away,W,7,IND,Eastern,0,22.33,1,8,0.125,0,0,6,6,3,2,1,0,6,8,-0.3,0,0,19
2,1997-98,1998-02-27,Away,W,13,MIN,Western,0,25.59,4,12,0.333,1,4,5,6,3,4,1,1,2,14,9.4,0,0,19
2,1997-98,1998-03-01,Away,L,-12,NYK,Eastern,0,26.35,4,15,0.267,1,5,5,5,5,0,0,0,1,14,4.0,0,0,19
2,1997-98,1998-03-02,Away,L,-10,WAS,Eastern,0,12.21,2,7,0.286,0,1,0,0,1,1,0,0,1,4,-0.1,0,0,19
2,1997-98,1998-03-04,Home,W,9,IND,Eastern,0,21.22,3,8,0.375,0,0,9,14,3,1,0,0,4,15,5.4,0,0,19
2,1997-98,1998-03-06,Home,W,7,SAS,Western,0,21.2,1,6,0.167,0,2,5,6,1,2,1,2,1,7,5.9,0,0,19
2,1997-98,1998-03-08,Home,W,7,DET,Eastern,0,18.37,2,7,0.286,0,2,0,0,3,0,1,0,1,4,1.2,0,0,19
2,1997-98,1998-03-11,Home,W,14,POR,Western,0,20.09,4,10,0.4,1,2,4,5,2,2,0,0,1,13,7.8,0,0,19
2,1997-98,1998-03-12,Away,W,23,LAC,Western,0,11.41,2,9,0.222,1,2,1,2,3,1,0,0,4,6,-2.7,0,0,19
2,1997-98,1998-03-15,Away,W,9,VAN,Western,0,25.16,4,7,0.571,1,1,4,7,3,5,0,2,1,13,13.7,0,0,19
2,1997-98,1998-03-16,Away,L,-12,SEA,Western,0,13.57,0,1,0.0,0,1,0,0,0,2,0,0,1,0,-1.1,0,0,19
2,1997-98,1998-03-18,Home,W,6,PHO,Western,0,27.48,1,10,0.1,0,3,8,9,3,6,0,3,1,10,9.2,0,0,19
2,1997-98,1998-03-20,Home,W,13,SEA,Western,0,17.58,3,7,0.429,2,3,8,8,1,2,2,0,2,16,14.0,0,0,19
2,1997-98,1998-03-22,Away,W,3,SAC,Western,0,25.19,2,9,0.222,0,2,8,12,6,3,0,0,2,12,6.0,0,0,19
2,1997-98,1998-03-23,Away,W,21,DEN,Western,0,32.07,8,12,0.667,2,4,5,5,3,3,2,0,2,23,20.4,0,0,19
2,1997-98,1998-03-25,Home,W,23,SAC,Western,0,21.13,3,7,0.429,1,3,4,5,1,3,0,0,5,11,3.9,0,0,19
2,1997-98,1998-03-28,Away,L,-15,UTA,Western,0,26.53,0,4,0.0,0,2,2,2,0,3,4,1,2,2,3.6,0,0,19
2,1997-98,1998-03-29,Home,W,27,WAS,Eastern,0,22.35,5,12,0.417,0,1,5,5,5,2,0,1,1,15,11.2,0,0,19
2,1997-98,1998-03-31,Away,W,9,TOR,Eastern,0,25.27,7,13,0.538,2,4,1,1,2,5,1,1,3,17,13.1,0,0,19
2,1997-98,1998-04-02,Away,W,11,NJN,Eastern,0,25.08,7,11,0.636,1,2,5,9,4,2,1,0,2,20,13.9,0,0,19
2,1997-98,1998-04-03,Away,W,12,CLE,Eastern,0,23.03,3,8,0.375,1,2,0,0,1,5,1,0,3,7,2.8,0,0,19
2,1997-98,1998-04-05,Away,W,2,DET,Eastern,0,27.01,2,11,0.182,0,4,2,2,3,1,2,2,1,6,2.3,0,0,19
2,1997-98,1998-04-08,Home,W,11,VAN,Western,0,26.14,4,10,0.4,1,5,5,6,1,4,0,2,5,14,6.5,0,0,19
2,1997-98,1998-04-10,Home,L,-9,PHO,Western,0,29.05,2,11,0.182,2,6,6,8,2,3,1,1,1,12,7.7,0,0,19
2,1997-98,1998-04-11,Away,W,12,GSW,Western,0,23.47,4,9,0.444,2,3,0,0,1,1,0,1,2,10,4.6,0,0,19
2,1997-98,1998-04-13,Away,W,24,SAS,Western,0,25.46,5,10,0.5,0,2,5,6,1,3,0,2,3,15,9.6,0,0,19
2,1997-98,1998-04-14,Away,W,16,DAL,Western,0,28.25,6,11,0.545,1,1,6,7,4,1,0,0,2,19,11.2,0,0,19
2,1997-98,1998-04-17,Home,W,29,DAL,Western,0,26.35,5,8,0.625,1,3,6,7,7,4,0,0,3,17,14.1,0,0,19
2,1997-98,1998-04-19,Home,W,4,UTA,Western,0,36.43,10,19,0.526,1,5,4,6,2,3,2,2,2,25,19.0,0,0,19
3,1998-99,1999-02-05,Home,W,8,HOU,Western,1,43.38,8,21,0.381,2,3,7,9,10,2,2,3,2,25,18.4,1,0,20
3,1998-99,1999-02-07,Home,L,-9,UTA,Western,1,41.27,7,12,0.583,0,1,2,2,12,3,0,2,5,16,10.9,1,0,20
3,1998-99,1999-02-08,Away,W,5,SAS,Western,1,41.31,8,19,0.421,1,4,2,2,10,2,2,2,4,19,11.5,1,0,20
3,1998-99,1999-02-10,Away,W,5,DEN,Western,1,38.11,8,15,0.533,1,2,4,5,10,5,1,0,3,21,16.2,1,0,20
3,1998-99,1999-02-11,Away,L,-11,MIN,Western,1,37.45,8,21,0.381,0,3,8,9,10,2,2,1,1,24,18.6,1,0,20
3,1998-99,1999-02-14,Home,L,-2,IND,Eastern,1,34.45,6,12,0.5,1,4,5,6,2,0,2,2,3,18,10.6,0,0,20
3,1998-99,1999-02-16,Home,W,28,CHH,Eastern,1,30.53,8,14,0.571,0,1,0,0,9,5,2,2,4,16,14.6,0,0,20
3,1998-99,1999-02-17,Home,W,13,DAL,Western,1,30.5,8,15,0.533,0,0,7,8,9,4,1,0,3,23,18.4,0,0,20
3,1998-99,1999-02-19,Home,W,12,SAS,Western,1,41.52,9,19,0.474,0,0,3,4,8,6,1,1,3,21,14.6,0,0,20
3,1998-99,1999-02-21,Away,L,-3,SEA,Western,1,40.22,8,20,0.4,1,6,6,6,13,2,1,0,4,23,14.1,1,0,20
3,1998-99,1999-02-22,Away,L,-4,DEN,Western,1,45.32,8,15,0.533,1,3,9,11,13,9,1,0,4,26,23.9,1,0,20
3,1998-99,1999-02-23,Away,L,-10,VAN,Western,1,35.24,5,21,0.238,0,6,1,3,5,2,0,0,5,11,-5.8,0,0,20
3,1998-99,1999-02-25,Away,W,15,LAC,Western,1,24.4,2,6,0.333,0,1,3,4,6,2,1,0,2,7,5.4,0,0,20
3,1998-99,1999-02-26,Home,W,16,LAC,Western,1,33.46,7,10,0.7,0,0,8,10,4,0,1,2,6,22,12.2,0,0,20
3,1998-99,1999-02-28,Home,W,16,HOU,Western,1,39.36,8,20,0.4,0,2,2,2,5,3,1,1,4,18,7.7,0,0,20
3,1998-99,1999-03-01,Away,W,6,PHO,Western,1,26.56,3,11,0.273,0,1,4,5,4,2,1,1,3,10,2.8,0,0,20
3,1998-99,1999-03-03,Home,W,6,PHO,Western,1,42.02,11,19,0.579,0,0,10,12,5,5,2,4,4,32,28.1,0,0,20
3,1998-99,1999-03-05,Home,W,3,SEA,Western,1,43.19,8,15,0.533,0,0,4,4,5,2,1,1,2,20,15.3,0,0,20
3,1998-99,1999-03-07,Away,W,8,UTA,Western,1,37.37,7,16,0.438,0,2,10,13,4,1,0,1,5,24,10.8,0,0,20
3,1998-99,1999-03-09,Away,W,4,LAC,Western,1,28.05,4,7,0.571,0,0,8,10,2,5,2,0,4,16,12.8,0,0,20
3,1998-99,1999-03-10,Home,W,19,LAC,Western,1,27.3,4,14,0.286,0,0,1,2,4,4,0,0,3,9,1.0,0,0,20
3,1998-99,1999-03-12,Home,W,11,GSW,Western,1,41.58,7,13,0.538,0,0,4,4,4,3,5,1,2,18,17.5,0,0,20
3,1998-99,1999-03-14,Away,L,-4,SAC,Western,1,42.36,11,19,0.579,1,6,6,6,10,4,2,0,6,29,22.3,1,0,20
3,1998-99,1999-03-16,Away,W,6,MIN,Western,1,38.59,6,12,0.5,1,2,8,10,9,3,0,0,0,21,18.6,0,0,20
3,1998-99,1999-03-18,Away,L,-7,CLE,Eastern,1,36.47,4,12,0.333,0,1,6,6,4,5,0,0,2,14,8.3,0,0,20
3,1998-99,1999-03-19,Away,L,-15,PHI,Eastern,1,40.23,9,16,0.563,1,4,4,4,2,2,1,1,5,23,13.7,0,0,20
3,1998-99,1999-03-21,Away,W,11,ORL,Eastern,1,44.37,15,24,0.625,2,2,6,7,3,4,2,1,4,38,28.0,0,0,20
3,1998-99,1999-03-22,Away,W,3,DAL,Western,1,36.36,8,17,0.471,0,0,5,5,2,2,2,1,1,21,16.0,0,0,20
3,1998-99,1999-03-24,Home,L,-5,PHO,Western,1,38.51,10,22,0.455,0,3,5,7,3,2,1,2,5,25,11.7,0,0,20
3,1998-99,1999-03-26,Home,L,-2,SAC,Western,1,39.57,10,17,0.588,1,1,5,6,0,6,2,3,2,26,24.0,0,0,20
3,1998-99,1999-03-28,Home,W,8,NYK,Eastern,1,39.13,11,20,0.55,0,0,7,8,5,3,5,1,2,29,25.1,0,0,20
3,1998-99,1999-03-29,Home,W,18,VAN,Western,1,33.59,7,17,0.412,0,1,6,6,3,3,3,3,2,20,17.4,0,0,20
3,1998-99,1999-04-02,Away,W,1,PHO,Western,1,40.58,7,20,0.35,0,0,4,4,3,4,2,2,4,18,8.7,0,0,20
3,1998-99,1999-04-03,Home,L,-5,GSW,Western,1,38.55,5,15,0.333,0,1,7,9,2,2,1,0,2,17,8.3,0,0,20
3,1998-99,1999-04-05,Home,W,13,DEN,Western,1,36.43,8,12,0.667,4,4,6,7,2,3,0,0,0,26,23.1,0,0,20
3,1998-99,1999-04-06,Home,L,-13,UTA,Western,1,35.3,6,14,0.429,0,2,3,4,2,3,0,1,1,15,9.2,0,0,20
3,1998-99,1999-04-07,Away,W,15,SAC,Western,1,42.29,7,18,0.389,0,1,4,4,2,7,6,0,8,18,10.1,0,0,20
3,1998-99,1999-04-09,Home,W,7,MIN,Western,1,36.56,7,14,0.5,1,3,3,4,3,7,1,0,1,18,16.4,0,0,20
3,1998-99,1999-04-11,Home,L,-4,SEA,Western,1,44.19,8,21,0.381,0,4,9,10,5,9,1,0,0,25,20.3,0,0,20
3,1998-99,1999-04-13,Away,L,-27,POR,Western,1,39.03,7,19,0.368,0,2,6,7,0,2,0,0,2,20,8.1,0,0,20
3,1998-99,1999-04-17,Away,L,-16,UTA,Western,1,42.05,6,16,0.375,2,4,3,5,5,5,0,0,4,17,7.6,0,0,20
3,1998-99,1999-04-19,Home,W,15,VAN,Western,1,36.22,6,11,0.545,0,3,5,6,4,8,1,0,1,17,16.5,0,0,20
3,1998-99,1999-04-20,Away,W,4,GSW,Western,1,40.22,10,17,0.588,3,4,4,5,5,5,1,3,5,27,21.8,0,0,20
3,1998-99,1999-04-21,Away,L,-6,POR,Western,1,45.26,7,15,0.467,2,5,6,7,6,4,2,1,6,22,14.4,0,0,20
3,1998-99,1999-04-24,Away,L,-27,SAS,Western,1,38.04,5,14,0.357,0,2,1,2,4,4,2,1,2,11,6.3,0,0,20
3,1998-99,1999-04-26,Away,L,-22,HOU,Western,1,34.38,3,14,0.214,1,3,2,2,5,2,1,0,1,9,2.9,0,0,20
3,1998-99,1999-04-29,Home,W,19,POR,Western,1,37.32,5,11,0.455,0,2,5,6,6,7,2,2,6,15,12.2,0,0,20
3,1998-99,1999-05-02,Away,W,7,SEA,Western,1,43.38,12,20,0.6,1,2,3,4,6,4,2,3,3,28,22.9,0,0,20
3,1998-99,1999-05-03,Home,W,13,DAL,Western,1,39.52,6,12,0.5,0,0,5,5,4,10,3,1,5,17,16.3,1,0,20
3,1998-99,1999-05-05,Home,W,28,POR,Western,1,21.48,4,5,0.8,0,0,3,5,5,1,0,0,1,11,9.1,0,0,20
4,1999-00,1999-12-01,Home,W,18,GSW,Western,0,29.52,7,18,0.389,0,3,5,6,6,3,0,0,2,19,10.3,0,0,21
4,1999-00,1999-12-03,Home,W,13,POR,Western,0,34.09,6,15,0.4,0,1,11,13,8,0,2,1,0,23,18.4,0,0,21
4,1999-00,1999-12-05,Home,W,17,ORL,Eastern,0,25.25,6,12,0.5,2,3,1,2,3,3,1,1,4,15,8.5,0,0,21
4,1999-00,1999-12-07,Home,W,11,WAS,Eastern,0,30.37,5,13,0.385,0,1,11,14,1,2,2,0,3,21,11.8,0,0,21
4,1999-00,1999-12-08,Away,L,-12,SAC,Western,1,41.45,11,19,0.579,1,2,4,5,6,5,1,0,6,27,17.6,0,0,21
4,1999-00,1999-12-11,Away,W,12,VAN,Western,1,39.19,5,12,0.417,0,0,4,4,6,7,0,5,2,14,15.0,0,0,21
4,1999-00,1999-12-12,Home,W,8,DET,Eastern,1,35.15,11,24,0.458,0,2,4,5,5,6,1,1,3,26,16.0,0,0,21
4,1999-00,1999-12-14,Home,W,27,LAC,Western,1,30.27,5,12,0.417,0,1,8,9,3,3,2,2,1,18,16.2,0,0,21
4,1999-00,1999-12-16,Away,W,7,ATL,Eastern,1,40.24,10,19,0.526,0,1,10,11,7,2,0,1,0,30,22.5,0,0,21
4,1999-00,1999-12-17,Away,W,9,MIN,Western,1,44.3,10,24,0.417,0,2,8,9,7,12,1,0,4,28,21.5,1,0,21
4,1999-00,1999-12-19,Away,W,6,TOR,Eastern,1,40.23,9,20,0.45,0,0,8,11,3,3,3,0,4,26,14.4,0,0,21
4,1999-00,1999-12-20,Away,W,9,BOS,Eastern,1,45.16,9,17,0.529,1,1,8,8,4,4,4,0,3,27,22.5,0,0,21
4,1999-00,1999-12-25,Home,W,6,SAS,Western,1,35.16,7,19,0.368,0,1,4,5,5,5,0,0,4,18,6.9,0,0,21
4,1999-00,1999-12-27,Home,W,2,DAL,Western,1,41.59,10,22,0.455,1,1,4,4,9,4,3,0,3,25,18.7,0,0,21
4,1999-00,1999-12-29,Home,W,16,PHO,Western,1,40.59,8,15,0.533,0,0,2,2,6,6,1,0,4,18,12.5,0,0,21
4,1999-00,2000-01-04,Away,W,24,LAC,Western,1,37.04,12,26,0.462,0,1,5,7,9,2,1,0,4,29,16.3,0,0,21
4,1999-00,2000-01-05,Home,W,17,LAC,Western,1,36.54,11,22,0.5,0,1,4,6,10,6,1,2,2,26,21.8,1,0,21
4,1999-00,2000-01-07,Home,W,4,CHH,Eastern,1,35.5,5,19,0.263,1,4,2,2,10,4,1,0,5,13,2.7,1,0,21
4,1999-00,2000-01-08,Away,W,10,SEA,Western,1,42.49,11,18,0.611,5,7,4,5,6,1,3,1,3,31,24.0,0,0,21
4,1999-00,2000-01-10,Home,W,35,DEN,Western,1,36.0,12,18,0.667,4,6,2,2,7,4,4,1,1,30,31.6,0,0,21
4,1999-00,2000-01-12,Away,W,9,MIL,Eastern,1,43.0,10,19,0.526,0,3,2,2,4,5,3,2,3,22,17.6,0,0,21
4,1999-00,2000-01-14,Away,L,-9,IND,Eastern,1,39.56,7,19,0.368,0,1,4,4,7,3,0,1,2,18,8.8,0,0,21
4,1999-00,2000-01-15,Away,W,13,MIN,Western,1,39.51,8,18,0.444,2,3,4,5,3,6,1,2,2,22,16.1,0,0,21
4,1999-00,2000-01-17,Home,L,-1,SEA,Western,1,41.31,6,18,0.333,0,5,3,4,14,2,4,0,3,15,10.2,1,0,21
4,1999-00,2000-01-19,Home,W,9,CLE,Eastern,1,41.06,6,15,0.4,0,2,13,14,13,4,0,2,6,25,18.2,1,0,21
4,1999-00,2000-01-22,Home,L,-4,POR,Western,1,36.47,13,19,0.684,1,2,1,2,4,2,1,0,2,28,18.7,0,0,21
4,1999-00,2000-01-24,Away,L,-4,UTA,Western,1,44.11,9,24,0.375,1,2,7,8,7,1,0,3,4,26,12.1,0,0,21
4,1999-00,2000-01-28,Home,W,28,MIL,Eastern,1,32.44,8,15,0.533,1,2,6,6,2,0,3,1,0,23,18.4,0,0,21
4,1999-00,2000-01-30,Away,L,-6,HOU,Western,1,41.14,6,22,0.273,0,2,5,6,4,5,1,0,2,17,6.5,0,0,21
4,1999-00,2000-02-01,Away,L,-24,SAS,Western,1,40.57,7,14,0.5,0,1,5,6,7,8,4,2,1,19,22.9,0,0,21
4,1999-00,2000-02-04,Home,W,46,UTA,Western,1,25.56,5,8,0.625,0,1,3,5,4,9,2,1,4,13,13.2,0,0,21
4,1999-00,2000-02-07,Home,W,8,DEN,Western,1,41.5,10,21,0.476,3,5,6,7,9,11,1,3,4,29,27.0,1,0,21
4,1999-00,2000-02-09,Home,W,33,MIN,Western,1,33.03,9,17,0.529,2,2,4,5,5,4,1,0,5,24,16.0,0,0,21
4,1999-00,2000-02-15,Away,W,12,CHI,Eastern,1,41.52,8,14,0.571,1,3,4,4,5,5,5,2,4,21,21.8,0,0,21
4,1999-00,2000-02-16,Away,W,7,CHH,Eastern,1,33.31,9,18,0.5,0,1,8,8,7,6,0,0,3,26,20.3,0,0,21
4,1999-00,2000-02-18,Away,W,8,ORL,Eastern,1,44.14,4,10,0.4,1,2,2,2,3,5,4,0,4,11,9.2,0,0,21
4,1999-00,2000-02-20,Away,W,3,PHI,Eastern,1,39.01,7,15,0.467,0,1,4,5,3,7,0,5,3,18,15.4,0,0,21
4,1999-00,2000-02-22,Away,W,8,NJN,Eastern,1,39.26,9,20,0.45,0,1,3,4,4,4,0,1,1,21,13.9,0,0,21
4,1999-00,2000-02-23,Away,W,18,CLE,Eastern,1,39.15,9,22,0.409,1,3,2,3,7,6,2,1,0,21,17.0,0,0,21
4,1999-00,2000-02-25,Home,W,13,BOS,Eastern,1,31.08,6,12,0.5,0,0,5,6,6,5,3,2,2,17,16.7,0,0,21
4,1999-00,2000-02-27,Home,W,16,HOU,Western,1,35.59,13,18,0.722,2,4,3,7,4,6,1,1,4,31,23.5,0,0,21
4,1999-00,2000-02-29,Away,W,3,POR,Western,1,35.45,6,11,0.545,0,1,10,10,7,3,1,1,5,22,16.4,0,0,21
4,1999-00,2000-03-01,Home,W,12,VAN,Western,1,41.46,9,22,0.409,1,4,8,10,6,3,2,0,1,27,19.7,0,0,21
4,1999-00,2000-03-03,Home,W,15,IND,Eastern,1,40.43,9,17,0.529,1,2,3,4,5,7,1,1,3,22,17.6,0,0,21
4,1999-00,2000-03-05,Home,W,13,MIA,Eastern,1,38.48,5,12,0.417,1,3,4,6,7,3,3,1,2,15,12.5,0,0,21
4,1999-00,2000-03-06,Away,W,20,LAC,Western,1,29.21,9,12,0.75,1,2,3,4,1,5,0,0,0,22,18.6,0,0,21
4,1999-00,2000-03-09,Away,W,17,GSW,Western,1,38.58,9,19,0.474,1,4,11,13,4,4,2,1,2,30,24.6,0,0,21
4,1999-00,2000-03-12,Home,W,3,SAC,Western,1,43.0,15,24,0.625,2,4,8,9,10,8,0,1,4,40,34.1,1,0,21
4,1999-00,2000-03-13,Away,W,10,DEN,Western,1,43.26,8,20,0.4,0,3,6,8,9,5,1,0,1,22,15.8,0,0,21
4,1999-00,2000-03-16,Away,L,-7,WAS,Eastern,1,33.16,2,10,0.2,0,0,3,4,3,7,1,0,6,7,-0.8,0,0,21
4,1999-00,2000-03-17,Away,W,28,DET,Eastern,1,33.09,12,21,0.571,0,1,1,5,8,6,2,2,4,25,19.1,0,0,21
4,1999-00,2000-03-19,Away,W,7,NYK,Eastern,1,44.05,8,23,0.348,1,4,7,10,9,7,3,1,2,24,19.2,0,0,21
4,1999-00,2000-03-20,Away,W,11,MIA,Eastern,1,43.16,11,25,0.44,0,0,1,1,5,4,1,0,2,23,12.4,0,0,21
4,1999-00,2000-03-22,Home,W,23,GSW,Western,1,28.01,7,16,0.438,2,4,2,2,6,4,2,2,3,18,14.2,0,0,21
4,1999-00,2000-03-24,Home,W,8,PHO,Western,1,33.13,9,15,0.6,1,2,9,11,6,7,2,0,1,28,26.8,0,0,21
4,1999-00,2000-03-26,Away,W,1,SAC,Western,1,43.58,8,19,0.421,0,1,8,11,14,4,2,1,3,24,21.0,1,0,21
4,1999-00,2000-03-29,Away,W,9,VAN,Western,1,42.35,13,20,0.65,0,0,2,2,6,3,4,0,1,28,25.3,0,0,21
4,1999-00,2000-03-31,Home,W,12,PHI,Eastern,1,37.2,4,12,0.333,0,2,2,2,9,5,0,1,4,10,5.7,0,0,21
4,1999-00,2000-04-02,Home,W,24,NYK,Eastern,1,29.1,5,11,0.455,0,0,7,7,6,8,0,1,2,17,17.0,0,0,21
4,1999-00,2000-04-05,Away,W,7,GSW,Western,1,42.11,5,14,0.357,1,1,5,6,5,11,1,0,4,16,13.2,1,0,21
4,1999-00,2000-04-08,Home,L,-18,SAS,Western,1,38.43,12,30,0.4,0,3,2,4,8,5,1,0,0,26,16.7,0,0,21
4,1999-00,2000-04-10,Home,W,3,SEA,Western,1,44.57,13,28,0.464,0,3,7,9,10,6,2,0,1,33,25.2,1,0,21
4,1999-00,2000-04-14,Home,W,7,SAC,Western,1,39.46,13,21,0.619,1,2,4,6,5,5,3,3,1,31,29.8,0,0,21
4,1999-00,2000-04-16,Home,W,6,MIN,Western,1,41.26,7,18,0.389,0,4,11,11,3,10,2,1,6,25,19.8,1,0,21
4,1999-00,2000-04-18,Away,L,-10,DAL,Western,1,42.46,7,20,0.35,1,5,1,1,14,6,2,1,6,16,11.9,1,0,21
4,1999-00,2000-04-19,Away,L,-5,SAS,Western,1,42.38,9,21,0.429,2,5,3,4,7,1,1,0,1,23,14.7,0,0,21
5,2000-01,2000-10-31,Away,W,10,POR,Western,1,34.54,4,11,0.364,0,1,6,6,2,2,1,1,7,14,3.0,0,0,22
5,2000-01,2000-11-01,Home,L,-5,UTA,Western,1,37.03,9,21,0.429,1,2,12,13,4,5,0,1,2,31,22.1,0,0,22
5,2000-01,2000-11-04,Away,W,9,VAN,Western,1,40.18,9,20,0.45,1,1,3,4,5,2,5,2,6,22,14.1,0,0,22
5,2000-01,2000-11-05,Home,W,5,LAC,Western,1,41.17,6,14,0.429,2,4,7,7,5,6,0,0,2,21,16.5,0,0,22
5,2000-01,2000-11-07,Away,L,-10,HOU,Western,1,47.04,7,16,0.438,1,3,0,1,3,3,2,1,1,15,10.1,0,0,22
5,2000-01,2000-11-08,Away,L,-10,SAS,Western,1,45.37,15,31,0.484,1,3,1,1,3,8,3,0,3,32,22.8,0,0,22
5,2000-01,2000-11-12,Home,W,6,HOU,Western,1,44.1,12,29,0.414,1,1,12,15,10,2,3,0,2,37,24.9,1,0,22
5,2000-01,2000-11-14,Home,W,16,DEN,Western,1,39.01,12,23,0.522,1,3,6,6,4,9,2,1,4,31,25.5,0,0,22
5,2000-01,2000-11-16,Away,W,2,SAC,Western,1,49.25,9,23,0.391,1,5,12,12,10,3,0,1,3,31,20.1,1,0,22
5,2000-01,2000-11-18,Away,L,-1,DEN,Western,1,43.59,10,25,0.4,3,6,9,10,5,4,0,1,3,32,19.7,0,0,22
5,2000-01,2000-11-19,Home,W,8,CHI,Eastern,1,39.21,8,22,0.364,0,2,6,9,12,3,1,0,2,22,12.9,1,0,22
5,2000-01,2000-11-22,Home,W,20,GSW,Western,1,30.2,13,19,0.684,2,3,3,4,4,7,1,0,8,31,21.2,0,0,22
5,2000-01,2000-11-24,Home,W,7,MIN,Western,1,37.39,12,20,0.6,1,2,4,5,4,5,1,0,4,29,20.7,0,0,22
5,2000-01,2000-11-27,Away,W,15,LAC,Western,1,32.24,10,19,0.526,2,4,7,7,7,4,1,0,1,29,24.2,0,0,22
5,2000-01,2000-11-28,Home,W,17,IND,Eastern,1,36.56,11,24,0.458,3,6,12,12,4,5,4,0,2,37,30.5,0,0,22
5,2000-01,2000-11-30,Away,L,-33,SEA,Western,1,37.15,6,16,0.375,0,4,5,5,3,4,3,0,6,17,7.3,0,0,22
5,2000-01,2000-12-01,Home,W,9,SAS,Western,1,44.39,16,31,0.516,2,4,9,10,3,6,1,0,3,43,29.6,0,0,22
5,2000-01,2000-12-03,Home,W,2,DAL,Western,1,44.58,15,28,0.536,1,3,7,9,10,6,2,2,6,38,28.2,1,0,22
5,2000-01,2000-12-05,Home,W,11,PHI,Eastern,1,43.58,15,28,0.536,1,4,5,5,1,4,0,1,2,36,22.6,0,0,22
5,2000-01,2000-12-06,Away,L,-3,GSW,Western,1,51.16,18,35,0.514,2,7,13,13,7,8,2,1,8,51,35.7,0,0,22
5,2000-01,2000-12-08,Home,L,-8,SEA,Western,1,39.48,8,25,0.32,0,1,3,5,4,2,3,1,2,19,6.6,0,0,22
5,2000-01,2000-12-10,Home,W,24,DET,Eastern,1,33.3,11,21,0.524,2,5,2,2,4,9,1,1,1,26,23.5,0,0,22
5,2000-01,2000-12-12,Home,L,-4,MIL,Eastern,1,41.26,8,31,0.258,3,10,6,7,6,6,2,0,3,25,10.7,0,0,22
5,2000-01,2000-12-13,Away,L,-10,POR,Western,1,45.09,13,25,0.52,0,2,9,13,6,6,2,0,1,35,26.5,0,0,22
5,2000-01,2000-12-15,Home,W,22,VAN,Western,1,34.33,7,18,0.389,1,3,2,2,4,1,1,1,3,17,7.4,0,0,22
5,2000-01,2000-12-17,Away,W,3,TOR,Eastern,1,51.38,14,29,0.483,1,5,11,11,7,4,0,3,2,40,29.5,0,0,22
5,2000-01,2000-12-19,Away,W,2,MIA,Eastern,1,45.15,9,24,0.375,0,2,5,8,5,6,0,0,3,23,10.5,0,0,22
5,2000-01,2000-12-21,Away,W,5,HOU,Western,1,43.52,20,26,0.769,1,1,4,6,4,3,1,0,1,45,38.1,0,0,22
5,2000-01,2000-12-22,Away,W,5,DAL,Western,1,46.21,12,20,0.6,1,1,10,10,4,4,0,0,5,35,23.2,0,0,22
5,2000-01,2000-12-25,Home,L,-5,POR,Western,1,45.32,9,20,0.45,0,4,11,14,2,6,2,0,2,29,19.8,0,0,22
5,2000-01,2000-12-28,Away,W,37,PHO,Western,1,32.55,12,19,0.632,3,3,11,11,5,1,3,0,1,38,33.3,0,0,22
5,2000-01,2000-12-30,Away,W,2,LAC,Western,1,34.08,7,18,0.389,2,7,1,2,5,6,1,0,0,17,13.1,0,0,22
5,2000-01,2001-01-03,Home,W,11,UTA,Western,1,45.27,13,24,0.542,2,6,3,4,4,4,3,0,5,31,19.0,0,0,22
5,2000-01,2001-01-07,Home,L,-23,LAC,Western,1,45.07,10,24,0.417,0,5,7,8,6,4,3,1,4,27,16.9,0,0,22
5,2000-01,2001-01-12,Home,W,3,CLE,Eastern,1,42.2,10,25,0.4,2,6,10,11,5,5,2,2,4,32,20.9,0,0,22
5,2000-01,2001-01-13,Away,L,-8,UTA,Western,1,46.03,8,24,0.333,0,6,11,12,9,4,3,0,0,27,20.3,0,0,22
5,2000-01,2001-01-15,Home,W,1,VAN,Western,1,46.04,10,24,0.417,0,4,6,8,11,11,2,2,3,26,23.4,0,1,22
5,2000-01,2001-01-19,Home,W,13,HOU,Western,1,39.08,12,22,0.545,1,4,4,5,6,4,3,0,1,29,24.2,0,0,22
5,2000-01,2001-01-21,Home,L,-11,MIA,Eastern,1,45.08,13,27,0.481,1,3,7,8,8,0,5,1,6,34,20.4,0,0,22
5,2000-01,2001-01-23,Away,L,-11,SEA,Western,1,42.5,5,19,0.263,1,5,10,13,8,5,2,0,2,21,14.4,0,0,22
5,2000-01,2001-01-26,Home,W,12,NJN,Eastern,1,42.27,10,20,0.5,2,4,4,5,9,3,1,0,3,26,18.0,0,0,22
5,2000-01,2001-01-28,Away,L,-10,NYK,Eastern,1,42.29,12,27,0.444,1,3,8,11,11,3,2,0,3,33,22.5,1,0,22
5,2000-01,2001-01-30,Away,W,6,CLE,Eastern,1,40.31,12,26,0.462,0,1,23,26,5,3,3,1,7,47,32.3,0,0,22
5,2000-01,2001-01-31,Away,L,-13,MIN,Western,1,42.23,6,17,0.353,1,1,11,12,9,5,0,3,3,24,19.8,0,0,22
5,2000-01,2001-02-02,Home,W,6,CHH,Eastern,1,48.0,15,30,0.5,0,1,14,14,9,2,0,5,5,44,32.0,0,0,22
5,2000-01,2001-02-04,Home,W,6,SAC,Western,1,44.09,8,26,0.308,0,1,10,11,11,4,1,0,2,26,16.5,1,0,22
5,2000-01,2001-02-07,Home,W,2,PHO,Western,1,44.53,13,26,0.5,1,2,5,7,8,9,4,1,4,32,26.4,0,0,22
5,2000-01,2001-02-13,Away,W,3,NJN,Eastern,1,49.24,14,25,0.56,2,5,8,10,8,5,1,1,3,38,29.5,0,0,22
5,2000-01,2001-02-14,Away,L,-15,PHI,Eastern,1,40.45,7,13,0.538,1,2,3,4,7,7,1,0,6,18,12.5,0,0,22
5,2000-01,2001-02-16,Away,W,5,CHH,Eastern,1,41.58,8,17,0.471,0,1,9,10,10,10,1,0,4,25,22.9,0,1,22
5,2000-01,2001-02-18,Away,L,-1,IND,Eastern,1,45.25,13,28,0.464,0,2,7,9,5,9,1,1,4,33,23.7,0,0,22
5,2000-01,2001-02-20,Away,W,10,DAL,Western,1,39.45,5,16,0.313,0,0,9,10,6,7,1,1,3,19,14.0,0,0,22
5,2000-01,2001-02-28,Away,L,-6,DEN,Western,1,45.33,16,28,0.571,2,5,4,6,10,6,1,1,5,38,27.9,1,0,22
5,2000-01,2001-03-03,Away,W,10,VAN,Western,1,38.32,8,16,0.5,0,2,4,5,5,6,1,0,7,20,10.1,0,0,22
5,2000-01,2001-03-04,Home,W,15,GSW,Western,1,30.49,9,15,0.6,0,1,4,5,2,5,2,0,2,22,18.4,0,0,22
5,2000-01,2001-03-06,Away,W,12,GSW,Western,1,36.11,7,17,0.412,1,1,14,15,3,2,3,1,3,29,21.3,0,0,22
5,2000-01,2001-03-07,Home,W,12,TOR,Eastern,1,38.17,11,34,0.324,0,2,7,7,7,5,0,0,3,29,12.6,0,0,22
5,2000-01,2001-03-09,Home,L,-4,SAS,Western,1,43.45,16,33,0.485,0,1,6,8,7,2,1,0,4,38,19.8,0,0,22
5,2000-01,2001-03-15,Away,W,6,DET,Eastern,1,47.56,16,28,0.571,1,3,6,7,5,7,3,0,4,39,29.2,0,0,22
5,2000-01,2001-03-16,Away,W,12,WAS,Eastern,1,35.38,11,18,0.611,1,2,3,4,5,5,5,2,2,26,25.6,0,0,22
5,2000-01,2001-03-18,Away,W,5,ORL,Eastern,1,36.32,5,17,0.294,0,1,6,7,2,7,1,0,3,16,7.6,0,0,22
5,2000-01,2001-03-19,Away,L,-2,ATL,Eastern,1,44.23,10,22,0.455,0,0,7,9,12,4,0,1,7,27,15.3,1,0,22
5,2000-01,2001-03-21,Away,L,-7,MIL,Eastern,1,41.31,4,15,0.267,0,1,5,7,7,8,0,0,4,13,6.2,0,0,22
5,2000-01,2001-04-01,Home,L,-1,NYK,Eastern,1,11.23,0,4,0.0,0,2,0,0,0,2,0,0,0,0,-2.2,0,0,22
5,2000-01,2001-04-10,Home,W,26,PHO,Western,1,34.56,7,14,0.5,0,1,6,8,3,4,6,0,1,20,20.1,0,0,22
5,2000-01,2001-04-12,Home,W,17,MIN,Western,1,37.25,14,24,0.583,0,0,2,3,5,9,1,0,1,30,25.4,0,0,22
5,2000-01,2001-04-15,Home,W,5,POR,Western,1,45.0,9,21,0.429,0,2,7,10,4,7,1,1,1,25,17.9,0,0,22
5,2000-01,2001-04-17,Home,W,17,DEN,Western,1,33.15,7,13,0.538,1,2,11,13,5,5,2,0,2,26,23.1,0,0,22
6,2001-02,2001-10-30,Home,W,11,POR,Western,1,42.36,11,24,0.458,1,1,6,8,7,4,3,1,2,29,23.2,0,0,23
6,2001-02,2001-11-01,Away,W,4,UTA,Western,1,43.03,11,22,0.5,1,3,16,19,6,8,3,1,2,39,35.1,0,0,23
6,2001-02,2001-11-02,Home,W,23,PHO,Western,1,37.4,9,14,0.643,0,0,6,7,6,9,2,1,7,24,20.8,0,0,23
6,2001-02,2001-11-04,Home,W,4,UTA,Western,1,44.17,13,21,0.619,0,0,12,15,6,7,3,1,5,38,31.1,0,0,23
6,2001-02,2001-11-09,Home,W,24,MEM,Western,1,33.01,5,15,0.333,1,2,2,2,6,7,5,3,2,13,16.7,0,0,23
6,2001-02,2001-11-11,Home,W,13,ORL,Eastern,1,32.54,8,13,0.615,0,0,12,14,5,8,1,1,4,28,24.5,0,0,23
6,2001-02,2001-11-15,Away,W,1,HOU,Western,1,49.19,13,27,0.481,0,2,5,5,3,5,1,0,2,31,20.3,0,0,23
6,2001-02,2001-11-16,Away,L,-12,PHO,Western,1,42.13,5,15,0.333,1,3,7,8,3,5,2,0,2,18,13.1,0,0,23
6,2001-02,2001-11-18,Home,W,8,SAC,Western,1,42.3,10,19,0.526,0,0,9,10,5,8,1,0,4,29,23.0,0,0,23
6,2001-02,2001-11-20,Away,W,5,LAC,Western,1,41.39,7,14,0.5,3,3,8,10,4,12,3,1,4,25,25.7,1,0,23
6,2001-02,2001-11-21,Away,W,21,DEN,Western,1,36.53,9,15,0.6,1,2,5,6,13,7,2,0,4,24,23.1,1,0,23
6,2001-02,2001-11-23,Home,W,16,GSW,Western,1,26.33,11,14,0.786,0,1,6,6,3,3,2,0,1,28,25.8,0,0,23
6,2001-02,2001-11-25,Home,W,7,DEN,Western,1,40.11,10,19,0.526,0,1,5,7,7,7,2,0,1,25,22.5,0,0,23
6,2001-02,2001-11-27,Home,W,19,MIL,Eastern,1,38.49,11,23,0.478,3,4,8,10,8,4,1,1,1,33,26.4,0,0,23
6,2001-02,2001-11-30,Away,W,15,SEA,Western,1,34.24,10,19,0.526,0,4,10,11,3,3,1,0,3,30,20.1,0,0,23
6,2001-02,2001-12-01,Home,W,26,MIN,Western,1,26.32,6,15,0.4,1,1,5,6,3,5,2,0,0,18,15.5,0,0,23
6,2001-02,2001-12-05,Home,W,4,DAL,Western,1,42.07,9,23,0.391,0,2,1,2,9,5,3,0,4,19,11.7,0,0,23
6,2001-02,2001-12-07,Away,L,-6,SAC,Western,1,41.26,9,23,0.391,0,4,5,5,6,3,0,0,2,23,12.0,0,0,23
6,2001-02,2001-12-11,Home,L,-11,SEA,Western,1,37.51,7,23,0.304,0,3,2,3,3,1,0,0,1,16,1.3,0,0,23
6,2001-02,2001-12-14,Home,W,30,LAC,Western,1,37.39,9,18,0.5,0,1,7,7,4,7,3,2,3,25,22.3,0,0,23
6,2001-02,2001-12-16,Home,W,16,GSW,Western,1,31.57,10,12,0.833,0,1,8,9,5,3,2,1,1,28,27.7,0,0,23
6,2001-02,2001-12-20,Away,W,6,HOU,Western,1,42.29,9,26,0.346,1,1,8,8,5,5,1,1,2,27,16.7,0,0,23
6,2001-02,2001-12-21,Away,L,-6,MEM,Western,1,36.56,15,23,0.652,1,4,5,5,4,6,0,0,3,36,27.1,0,0,23
6,2001-02,2001-12-25,Home,W,6,PHI,Eastern,1,42.1,6,19,0.316,0,2,0,0,11,9,0,0,3,12,7.3,1,0,23
6,2001-02,2001-12-26,Away,L,-11,GSW,Western,1,40.39,17,28,0.607,3,7,2,2,2,5,1,0,3,39,27.1,0,0,23
6,2001-02,2001-12-28,Home,L,-3,TOR,Eastern,1,40.04,9,24,0.375,2,3,6,9,8,6,1,0,5,26,14.6,0,0,23
6,2001-02,2001-12-30,Home,W,24,HOU,Western,1,30.52,7,17,0.412,0,2,2,2,2,11,0,0,1,16,13.4,1,0,23
6,2001-02,2002-01-02,Away,W,1,DEN,Western,1,35.57,11,22,0.5,0,0,6,7,8,3,3,0,3,28,21.5,0,0,23
6,2001-02,2002-01-04,Home,W,32,PHO,Western,1,30.05,7,15,0.467,0,1,4,5,3,6,0,1,3,18,11.5,0,0,23
6,2001-02,2002-01-06,Away,W,20,TOR,Eastern,1,36.12,12,20,0.6,0,0,7,9,7,2,3,0,4,31,23.9,0,0,23
6,2001-02,2002-01-08,Away,W,29,DET,Eastern,1,27.57,8,17,0.471,0,1,4,4,4,6,1,0,0,20,17.3,0,0,23
6,2001-02,2002-01-09,Away,W,19,IND,Eastern,1,35.02,11,22,0.5,1,1,8,14,8,4,3,0,3,31,22.8,0,0,23
6,2001-02,2002-01-11,Away,L,-18,MIN,Western,1,38.19,9,27,0.333,0,2,5,6,3,5,0,0,2,23,8.9,0,0,23
6,2001-02,2002-01-12,Away,L,-2,CHI,Eastern,1,47.29,9,25,0.36,0,2,8,11,5,9,3,0,7,26,13.9,0,0,23
6,2001-02,2002-01-14,Home,W,39,MEM,Western,1,34.16,21,34,0.618,3,6,11,12,5,4,1,0,0,56,46.3,0,0,23
6,2001-02,2002-01-16,Home,L,-6,MIA,Eastern,1,39.51,12,30,0.4,0,3,5,7,8,7,1,0,3,29,18.1,0,0,23
6,2001-02,2002-01-19,Away,W,17,SAS,Western,1,38.29,11,25,0.44,1,2,5,7,7,5,2,1,1,28,21.8,0,0,23
6,2001-02,2002-01-22,Home,L,-16,DEN,Western,1,39.08,6,14,0.429,0,2,3,3,7,6,2,0,5,15,9.3,0,0,23
6,2001-02,2002-01-23,Away,L,-5,LAC,Western,1,38.47,11,25,0.44,0,2,5,6,2,4,1,1,0,27,17.4,0,0,23
6,2001-02,2002-01-25,Home,W,3,SAS,Western,1,40.26,9,19,0.474,0,0,9,9,3,6,0,0,3,27,17.8,0,0,23
6,2001-02,2002-01-27,Away,L,-6,PHI,Eastern,1,36.44,8,17,0.471,0,0,4,5,2,3,1,1,1,20,13.1,0,0,23
6,2001-02,2002-01-29,Away,W,34,ATL,Eastern,1,27.12,13,20,0.65,0,1,6,6,4,2,0,0,2,32,23.8,0,0,23
6,2001-02,2002-01-30,Away,W,18,ORL,Eastern,1,45.12,9,23,0.391,0,1,5,8,8,4,1,0,2,23,13.9,0,0,23
6,2001-02,2002-02-01,Away,W,15,MEM,Western,1,37.07,5,13,0.385,0,2,3,4,4,6,2,0,3,13,9.5,0,0,23
6,2001-02,2002-02-03,Away,W,7,DAL,Western,1,39.47,11,25,0.44,0,2,2,2,10,6,2,1,2,24,17.6,1,0,23
6,2001-02,2002-02-06,Home,L,-8,CHI,Eastern,1,41.21,14,26,0.538,1,2,9,10,8,1,1,2,8,38,22.9,0,0,23
6,2001-02,2002-02-12,Home,W,9,WAS,Eastern,1,43.04,9,20,0.45,0,1,5,9,11,15,1,1,2,23,23.7,0,1,23
6,2001-02,2002-02-14,Away,W,5,SEA,Western,1,42.09,8,21,0.381,0,0,7,10,7,10,2,1,1,23,21.9,1,0,23
6,2001-02,2002-02-15,Home,L,-3,ATL,Eastern,1,42.28,7,13,0.538,0,1,7,11,2,10,2,1,6,21,17.0,1,0,23
6,2001-02,2002-02-17,Away,L,-6,POR,Western,1,42.59,11,26,0.423,0,4,6,6,5,2,1,1,3,28,14.6,0,0,23
6,2001-02,2002-02-19,Home,L,-1,BOS,Eastern,1,40.54,11,25,0.44,1,2,4,5,4,9,1,0,2,27,18.8,0,0,23
6,2001-02,2002-02-21,Away,W,7,CLE,Eastern,1,40.04,13,24,0.542,0,1,6,11,6,6,2,0,2,32,23.6,0,0,23
6,2001-02,2002-02-22,Away,W,2,CHH,Eastern,1,43.58,8,19,0.421,0,3,5,6,9,6,3,1,5,21,16.5,0,0,23
6,2001-02,2002-02-24,Away,W,16,NYK,Eastern,1,41.35,10,18,0.556,1,1,6,6,6,5,3,0,3,27,23.3,0,0,23
6,2001-02,2002-02-26,Away,W,10,MIL,Eastern,1,38.36,13,25,0.52,0,2,1,1,4,6,1,0,2,27,19.1,0,0,23
6,2001-02,2002-02-27,Away,L,-11,MIN,Western,1,41.52,8,25,0.32,0,0,4,4,5,11,0,0,2,20,11.7,1,0,23
6,2001-02,2002-03-01,Home,W,12,IND,Eastern,1,36.55,8,17,0.471,0,1,9,12,3,3,1,1,5,25,14.0,0,0,23
6,2001-02,2002-03-06,Away,L,-8,UTA,Western,1,39.12,7,19,0.368,1,3,11,12,5,4,2,0,5,26,16.4,0,0,23
6,2001-02,2002-03-10,Home,W,14,NYK,Eastern,1,43.43,7,14,0.5,0,2,4,4,2,7,0,1,1,18,14.2,0,0,23
6,2001-02,2002-03-12,Home,W,41,CHH,Eastern,1,30.55,8,17,0.471,0,1,7,10,7,4,4,0,1,23,21.0,0,0,23
6,2001-02,2002-03-14,Away,W,8,GSW,Western,1,39.3,7,14,0.5,0,0,7,8,7,6,0,1,3,21,17.2,0,0,23
6,2001-02,2002-03-15,Home,W,6,LAC,Western,1,38.06,12,26,0.462,2,2,7,10,3,2,3,0,1,33,21.5,0,0,23
6,2001-02,2002-03-17,Home,W,2,DAL,Western,1,41.22,5,14,0.357,1,1,3,3,9,11,1,0,1,14,16.2,1,0,23
6,2001-02,2002-03-19,Away,L,-16,DAL,Western,1,34.49,4,18,0.222,0,2,4,7,8,3,0,0,1,12,1.3,0,0,23
6,2001-02,2002-03-20,Away,L,-18,SAS,Western,1,27.4,9,16,0.563,0,0,2,4,1,0,0,0,7,20,4.1,0,0,23
6,2001-02,2002-03-22,Home,W,12,DET,Eastern,1,35.45,8,17,0.471,0,0,2,2,7,7,4,0,2,18,17.5,0,0,23
6,2001-02,2002-03-24,Away,W,1,SAC,Western,1,37.37,12,21,0.571,0,1,5,8,4,4,2,0,5,29,17.7,0,0,23
6,2001-02,2002-03-26,Home,W,5,CLE,Eastern,1,31.24,7,10,0.7,1,2,2,3,7,3,0,0,0,17,16.6,0,0,23
6,2001-02,2002-03-27,Away,L,-12,PHO,Western,1,40.29,9,20,0.45,0,1,18,20,4,3,0,0,5,36,23.9,0,0,23
6,2001-02,2002-03-29,Home,W,12,POR,Western,1,40.59,12,26,0.462,0,1,10,11,7,6,2,0,0,34,27.3,0,0,23
6,2001-02,2002-03-31,Home,W,1,SAS,Western,1,46.56,11,24,0.458,0,0,9,9,9,3,1,1,6,31,18.3,0,0,23
6,2001-02,2002-04-02,Away,W,20,WAS,Eastern,1,33.03,6,13,0.462,0,0,2,2,2,6,1,0,4,14,7.9,0,0,23
6,2001-02,2002-04-03,Away,L,-2,NJN,Eastern,1,44.21,14,30,0.467,0,1,5,5,4,3,1,0,3,33,19.3,0,0,23
6,2001-02,2002-04-05,Away,L,-18,BOS,Eastern,1,38.02,5,25,0.2,0,2,16,18,6,2,1,1,2,26,11.0,0,0,23
6,2001-02,2002-04-07,Away,W,8,MIA,Eastern,1,38.02,8,12,0.667,0,0,3,3,11,4,0,0,2,19,17.9,1,0,23
6,2001-02,2002-04-09,Home,W,30,UTA,Western,1,34.2,8,16,0.5,0,0,6,7,4,5,1,2,4,22,15.5,0,0,23
6,2001-02,2002-04-11,Home,W,13,MIN,Western,1,37.4,9,20,0.45,0,1,10,10,3,2,0,0,2,28,16.3,0,0,23
6,2001-02,2002-04-14,Away,L,-8,POR,Western,1,50.4,6,15,0.4,0,2,11,14,7,9,3,2,6,23,18.9,0,0,23
6,2001-02,2002-04-15,Home,W,7,SEA,Western,1,31.06,7,16,0.438,1,3,4,4,5,4,2,0,3,19,12.7,0,0,23
6,2001-02,2002-04-17,Home,W,14,SAC,Western,1,28.48,9,17,0.529,0,4,3,3,4,5,1,0,2,21,16.0,0,0,23
7,2002-03,2002-10-29,Home,L,-5,SAS,Western,1,42.45,9,29,0.31,1,2,8,12,10,5,4,2,6,27,15.4,1,0,24
7,2002-03,2002-10-30,Away,L,-12,POR,Western,1,37.27,9,18,0.5,3,7,4,4,10,2,2,2,3,25,20.0,1,0,24
7,2002-03,2002-11-01,Away,W,15,LAC,Western,1,40.41,12,18,0.667,1,2,8,8,15,12,2,1,4,33,37.6,0,1,24
7,2002-03,2002-11-03,Home,W,3,POR,Western,1,50.28,11,19,0.579,2,6,9,11,14,12,1,0,4,33,32.9,0,1,24
7,2002-03,2002-11-05,Away,L,-19,CLE,Eastern,1,40.31,5,13,0.385,1,1,4,4,13,9,2,0,5,15,15.5,1,0,24
7,2002-03,2002-11-07,Away,L,-3,BOS,Eastern,1,46.24,17,47,0.362,0,8,7,7,9,4,4,0,5,41,19.0,0,0,24
7,2002-03,2002-11-08,Away,L,-1,WAS,Eastern,1,38.18,8,21,0.381,0,0,11,11,6,4,0,2,2,27,17.9,0,0,24
7,2002-03,2002-11-12,Home,L,-12,ATL,Eastern,1,45.02,8,22,0.364,0,2,5,7,6,8,4,1,2,21,18.9,0,0,24
7,2002-03,2002-11-15,Home,W,7,GSW,Western,1,45.39,18,40,0.45,1,3,8,10,4,4,3,1,1,45,28.9,0,0,24
7,2002-03,2002-11-17,Home,L,-4,HOU,Western,1,44.55,18,37,0.486,1,2,9,11,6,4,0,1,3,46,27.6,0,0,24
7,2002-03,2002-11-19,Away,L,-26,DAL,Western,1,32.53,7,21,0.333,0,1,2,4,5,3,3,0,5,16,4.5,0,0,24
7,2002-03,2002-11-20,Away,L,-7,SAS,Western,1,43.2,8,25,0.32,0,2,8,12,8,7,4,1,1,24,19.1,0,0,24
7,2002-03,2002-11-22,Home,W,13,CHI,Eastern,1,38.57,7,14,0.5,1,3,6,11,10,7,5,1,6,21,20.0,1,0,24
7,2002-03,2002-11-24,Home,W,12,MIL,Eastern,1,44.08,6,15,0.4,0,3,3,3,11,11,1,0,2,15,16.5,0,1,24
7,2002-03,2002-11-26,Away,L,-12,MIA,Eastern,1,32.28,8,14,0.571,1,4,4,7,7,4,3,0,2,21,18.3,0,0,24
7,2002-03,2002-11-27,Away,L,-10,ORL,Eastern,1,46.02,14,31,0.452,0,0,10,13,10,4,1,2,3,38,24.7,1,0,24
7,2002-03,2002-11-29,Away,W,6,MEM,Western,1,48.08,18,35,0.514,2,4,7,9,6,5,2,0,5,45,29.6,0,0,24
7,2002-03,2002-12-01,Home,L,-3,MIN,Western,1,40.47,9,15,0.6,1,3,3,5,5,11,0,1,5,22,19.6,1,0,24
7,2002-03,2002-12-03,Home,W,10,MEM,Western,1,41.21,11,16,0.688,1,2,1,1,10,11,1,3,3,24,28.4,0,1,24
7,2002-03,2002-12-04,Away,L,-8,UTA,Western,1,41.0,5,14,0.357,0,2,7,7,5,5,3,0,5,17,12.2,0,0,24
7,2002-03,2002-12-06,Home,W,2,DAL,Western,1,41.59,10,19,0.526,1,2,6,6,9,7,1,1,6,27,20.2,0,0,24
7,2002-03,2002-12-08,Home,W,9,UTA,Western,1,38.41,9,18,0.5,0,1,7,9,4,14,5,0,5,25,24.6,1,0,24
7,2002-03,2002-12-10,Away,L,-4,GSW,Western,1,41.45,6,12,0.5,1,1,6,7,5,14,3,0,5,19,19.9,1,0,24
7,2002-03,2002-12-13,Home,L,-16,NOH,Western,1,42.3,6,16,0.375,0,0,4,6,2,5,1,0,2,16,9.1,0,0,24
7,2002-03,2002-12-15,Home,W,23,ORL,Eastern,1,33.47,6,15,0.4,0,1,9,9,6,8,0,2,8,21,12.9,0,0,24
7,2002-03,2002-12-17,Away,L,-16,MIN,Western,1,38.45,6,14,0.429,0,0,3,4,7,6,1,1,2,15,12.8,0,0,24
7,2002-03,2002-12-19,Away,L,-27,NJN,Eastern,1,43.26,8,29,0.276,0,1,5,5,5,5,1,1,4,21,6.2,0,0,24
7,2002-03,2002-12-20,Away,L,-3,PHI,Eastern,1,51.29,16,35,0.457,2,5,10,10,4,10,1,2,5,44,29.9,1,0,24
7,2002-03,2002-12-22,Away,W,2,TOR,Eastern,1,46.29,12,25,0.48,2,2,5,8,2,5,2,1,5,31,17.7,0,0,24
7,2002-03,2002-12-25,Home,L,-6,SAC,Western,1,46.1,7,24,0.292,1,4,12,15,15,6,2,1,6,27,18.4,1,0,24
7,2002-03,2002-12-28,Away,W,19,DEN,Western,1,35.28,15,26,0.577,2,4,7,7,6,6,2,0,4,39,29.6,0,0,24
7,2002-03,2002-12-29,Home,W,16,TOR,Eastern,1,35.23,5,15,0.333,0,1,3,3,9,12,2,1,3,13,14.5,1,0,24
7,2002-03,2003-01-04,Away,L,-14,PHO,Western,1,42.06,15,32,0.469,0,8,7,9,7,7,4,2,2,37,29.0,0,0,24
7,2002-03,2003-01-05,Home,W,12,PHO,Western,1,45.41,13,29,0.448,1,5,4,6,12,7,2,1,1,31,26.1,1,0,24
7,2002-03,2003-01-07,Home,W,21,SEA,Western,1,37.11,16,28,0.571,12,18,1,1,3,3,1,1,2,45,33.7,0,0,24
7,2002-03,2003-01-10,Home,W,16,CLE,Eastern,1,33.57,7,12,0.583,0,2,7,10,10,11,4,1,5,21,25.0,0,1,24
7,2002-03,2003-01-12,Home,W,25,MIA,Eastern,1,37.37,12,21,0.571,0,3,12,13,3,4,4,0,4,36,29.4,0,0,24
7,2002-03,2003-01-15,Away,W,8,NOH,Western,1,46.04,12,28,0.429,2,3,10,10,11,4,2,2,2,36,29.1,1,0,24
7,2002-03,2003-01-17,Away,L,-4,HOU,Western,1,49.05,5,21,0.238,2,6,10,12,11,9,3,0,4,22,15.9,1,0,24
7,2002-03,2003-01-20,Home,W,4,LAC,Western,1,45.27,8,18,0.444,1,3,9,9,8,11,3,2,4,26,26.3,1,0,24
7,2002-03,2003-01-22,Home,L,-4,GSW,Western,1,39.16,9,17,0.529,3,5,2,3,3,7,2,1,5,23,15.8,0,0,24
7,2002-03,2003-01-24,Home,L,-6,NJN,Eastern,1,40.58,4,14,0.286,1,2,2,3,7,5,2,0,1,11,10.2,0,0,24
7,2002-03,2003-01-29,Away,W,9,PHO,Western,1,45.58,15,29,0.517,0,1,10,11,5,4,1,1,4,40,26.5,0,0,24
7,2002-03,2003-01-31,Away,W,11,SAC,Western,1,42.52,14,29,0.483,3,6,7,8,5,5,1,1,4,38,24.8,0,0,24
7,2002-03,2003-02-01,Home,W,12,UTA,Western,1,43.53,12,25,0.48,2,3,16,18,3,4,3,1,2,42,33.5,0,0,24
7,2002-03,2003-02-04,Away,W,3,IND,Eastern,1,42.03,12,31,0.387,1,5,10,10,7,2,2,2,7,35,18.4,0,0,24
7,2002-03,2003-02-06,Away,W,5,NYK,Eastern,1,41.34,17,27,0.63,4,4,8,11,6,3,2,1,6,46,31.7,0,0,24
7,2002-03,2003-02-11,Home,W,28,DEN,Western,1,31.28,12,20,0.6,1,3,17,21,2,5,4,0,1,42,38.3,0,0,24
7,2002-03,2003-02-12,Away,W,11,DEN,Western,1,31.2,15,28,0.536,3,8,18,20,3,2,2,0,0,51,40.5,0,0,24
7,2002-03,2003-02-14,Home,L,-8,SAS,Western,1,44.53,19,41,0.463,2,3,4,6,6,4,4,2,7,44,25.1,0,0,24
7,2002-03,2003-02-16,Home,L,-7,NYK,Eastern,1,42.27,14,31,0.452,3,5,9,10,4,5,2,0,3,40,26.0,0,0,24
7,2002-03,2003-02-18,Home,W,7,HOU,Western,1,53.54,19,38,0.5,3,9,11,11,8,7,0,3,5,52,35.8,0,0,24
7,2002-03,2003-02-19,Away,W,6,UTA,Western,1,39.31,15,29,0.517,4,6,6,9,6,1,1,0,3,40,24.6,0,0,24
7,2002-03,2003-02-21,Home,W,8,POR,Western,1,41.57,15,32,0.469,3,7,7,9,7,1,5,2,4,40,27.2,0,0,24
7,2002-03,2003-02-23,Home,W,5,SEA,Western,1,41.57,13,34,0.382,1,6,14,16,5,3,3,0,3,41,24.8,0,0,24
7,2002-03,2003-02-25,Home,W,11,LAC,Western,1,40.42,11,26,0.423,1,5,9,10,6,3,5,1,5,32,22.4,0,0,24
7,2002-03,2003-02-27,Home,W,10,DET,Eastern,1,43.41,10,22,0.455,1,2,9,10,2,1,3,1,1,30,21.4,0,0,24
7,2002-03,2003-02-28,Away,L,-17,SEA,Western,1,44.05,10,27,0.37,4,11,10,14,4,9,1,0,1,34,23.8,0,0,24
7,2002-03,2003-03-05,Home,W,2,IND,Eastern,1,42.31,9,26,0.346,0,3,2,3,10,5,3,1,3,20,11.4,1,0,24
7,2002-03,2003-03-07,Home,W,10,MIN,Western,1,42.36,12,24,0.5,2,4,4,4,4,7,3,0,0,30,27.1,0,0,24
7,2002-03,2003-03-09,Home,W,14,PHI,Eastern,1,42.52,8,20,0.4,0,2,12,13,8,9,0,2,5,28,20.7,0,0,24
7,2002-03,2003-03-11,Away,L,-17,CHI,Eastern,1,43.22,13,26,0.5,1,4,9,13,5,5,2,0,3,36,24.2,0,0,24
7,2002-03,2003-03-12,Away,L,-23,DET,Eastern,1,40.22,9,23,0.391,2,3,1,1,3,4,0,1,4,21,7.7,0,0,24
7,2002-03,2003-03-14,Away,W,7,MIN,Western,1,37.12,11,24,0.458,1,2,7,7,6,3,3,1,0,30,25.2,0,0,24
7,2002-03,2003-03-15,Away,W,4,MIL,Eastern,1,43.23,6,14,0.429,0,2,8,9,9,4,2,2,5,20,14.9,0,0,24
7,2002-03,2003-03-17,Away,W,17,LAC,Western,1,38.34,8,16,0.5,1,2,9,12,7,6,1,1,3,26,21.0,0,0,24
7,2002-03,2003-03-20,Away,L,-8,SAC,Western,1,45.03,11,30,0.367,1,5,11,15,13,3,0,0,2,34,21.4,1,0,24
7,2002-03,2003-03-21,Home,W,8,BOS,Eastern,1,30.4,5,11,0.455,0,2,3,3,3,7,1,1,2,13,11.2,0,0,24
7,2002-03,2003-03-23,Away,L,-9,SAS,Western,1,40.21,11,30,0.367,1,6,8,10,9,0,3,0,3,31,14.7,0,0,24
7,2002-03,2003-03-25,Away,W,17,ATL,Eastern,1,38.02,11,21,0.524,4,6,2,2,10,6,3,0,2,28,25.5,1,0,24
7,2002-03,2003-03-26,Away,W,3,HOU,Western,1,44.16,10,22,0.455,0,1,11,12,9,5,1,0,5,31,21.0,0,0,24
7,2002-03,2003-03-28,Home,W,14,WAS,Eastern,1,41.23,15,29,0.517,9,13,16,18,5,3,3,0,3,55,41.5,0,0,24
7,2002-03,2003-03-30,Away,L,-21,SEA,Western,1,37.05,5,13,0.385,4,8,0,0,2,5,3,0,4,14,8.8,0,0,24
7,2002-03,2003-03-31,Home,W,16,MEM,Western,1,40.59,10,23,0.435,3,5,6,6,5,8,6,1,4,29,25.9,0,0,24
7,2002-03,2003-04-03,Away,W,11,DAL,Western,1,44.15,7,21,0.333,0,4,5,7,8,6,3,1,3,19,12.4,0,0,24
7,2002-03,2003-04-04,Away,W,1,MEM,Western,1,40.09,7,15,0.467,3,5,4,4,7,6,1,0,5,21,14.4,0,0,24
7,2002-03,2003-04-06,Home,W,2,PHO,Western,1,48.41,10,25,0.4,1,6,5,5,8,7,2,2,7,26,15.4,0,0,24
7,2002-03,2003-04-08,Home,W,9,DAL,Western,1,39.45,4,16,0.25,1,4,5,7,8,4,2,0,3,14,6.2,0,0,24
7,2002-03,2003-04-10,Home,W,13,SAC,Western,1,45.47,13,31,0.419,0,4,8,8,7,6,4,0,0,34,28.2,0,0,24
7,2002-03,2003-04-13,Away,L,-2,POR,Western,1,41.43,11,19,0.579,1,2,13,14,6,7,1,0,4,36,29.2,0,0,24
7,2002-03,2003-04-15,Home,W,22,DEN,Western,1,25.53,8,16,0.5,3,6,13,14,8,4,2,1,2,32,29.9,0,0,24
7,2002-03,2003-04-16,Away,W,6,GSW,Western,1,42.14,16,28,0.571,3,7,9,10,6,4,0,0,3,44,32.0,0,0,24
8,2003-04,2003-11-01,Away,W,4,PHO,Western,1,36.3,4,12,0.333,0,1,7,10,6,4,0,1,2,15,8.7,0,0,25
8,2003-04,2003-11-02,Home,W,15,GSW,Western,1,35.03,7,12,0.583,2,3,5,5,4,2,5,1,4,21,18.5,0,0,25
8,2003-04,2003-11-04,Away,W,6,MIL,Eastern,1,40.22,10,22,0.455,2,4,9,10,7,8,1,2,0,31,30.1,0,0,25
8,2003-04,2003-11-06,Away,W,3,SAS,Western,1,48.56,16,29,0.552,1,4,4,5,5,2,4,0,2,37,26.8,0,0,25
8,2003-04,2003-11-07,Away,L,-19,NOH,Western,1,36.58,4,14,0.286,0,4,3,4,4,3,1,0,3,11,2.9,0,0,25
8,2003-04,2003-11-10,Away,L,-10,MEM,Western,1,33.22,5,15,0.333,0,2,9,10,4,5,2,0,6,19,9.6,0,0,25
8,2003-04,2003-11-12,Home,W,15,TOR,Eastern,1,37.05,5,11,0.455,1,1,8,10,3,4,1,0,3,19,13.0,0,0,25
8,2003-04,2003-11-14,Home,W,5,DET,Eastern,1,37.27,6,11,0.545,0,0,4,4,3,1,3,2,1,16,13.7,0,0,25
8,2003-04,2003-11-16,Home,W,22,MIA,Eastern,1,32.53,6,10,0.6,0,1,15,16,4,6,2,0,3,27,26.0,0,0,25
8,2003-04,2003-11-18,Away,L,-10,DET,Eastern,1,40.45,4,14,0.286,0,2,11,11,2,3,0,0,0,19,12.7,0,0,25
8,2003-04,2003-11-19,Away,W,21,NYK,Eastern,1,33.42,7,13,0.538,0,0,7,9,2,4,1,0,1,21,15.7,0,0,25
8,2003-04,2003-11-21,Home,W,7,CHI,Eastern,1,36.5,10,19,0.526,0,1,8,11,5,4,3,1,3,28,21.3,0,0,25
8,2003-04,2003-11-23,Home,W,32,MEM,Western,1,31.37,8,16,0.5,1,2,11,12,3,3,4,0,1,28,25.2,0,0,25
8,2003-04,2003-11-26,Home,W,21,WAS,Eastern,1,25.29,7,13,0.538,1,3,7,7,4,4,2,0,3,22,17.5,0,0,25
8,2003-04,2003-11-28,Home,W,16,SAS,Western,1,30.47,6,13,0.462,1,2,4,6,2,2,1,0,0,17,12.5,0,0,25
8,2003-04,2003-11-30,Home,W,22,IND,Eastern,1,35.35,4,10,0.4,1,2,3,4,2,7,1,0,2,12,9.9,0,0,25
8,2003-04,2003-12-03,Away,W,4,SAS,Western,1,46.02,6,20,0.3,1,4,8,9,6,3,2,0,4,21,9.7,0,0,25
8,2003-04,2003-12-04,Away,W,11,DAL,Western,1,37.47,9,23,0.391,2,5,12,12,6,3,1,0,3,32,21.8,0,0,25
8,2003-04,2003-12-07,Home,W,2,UTA,Western,1,40.15,4,17,0.235,2,4,9,10,6,3,1,0,2,19,10.4,0,0,25
8,2003-04,2003-12-09,Home,W,8,NYK,Eastern,1,41.06,7,16,0.438,0,0,7,8,6,9,1,0,3,21,19.1,0,0,25
8,2003-04,2003-12-12,Home,L,-17,DAL,Western,1,40.55,4,18,0.222,0,3,7,7,7,6,1,1,1,15,9.4,0,0,25
8,2003-04,2003-12-13,Away,L,-4,POR,Western,1,41.56,10,18,0.556,1,3,14,15,5,6,0,1,2,35,30.8,0,0,25
8,2003-04,2003-12-19,Home,W,2,DEN,Western,0,30.5,5,14,0.357,0,2,3,4,3,5,0,0,4,13,5.2,0,0,25
8,2003-04,2003-12-21,Home,W,6,PHO,Western,1,39.38,4,12,0.333,0,2,2,3,6,4,0,0,4,10,4.6,0,0,25
8,2003-04,2003-12-23,Away,L,-9,GSW,Western,1,37.59,8,16,0.5,3,5,4,5,5,2,1,1,4,23,13.6,0,0,25
8,2003-04,2003-12-25,Home,L,-12,HOU,Western,1,43.18,9,26,0.346,1,2,4,6,8,6,2,0,3,23,12.8,0,0,25
8,2003-04,2003-12-28,Home,W,23,BOS,Eastern,1,35.32,5,18,0.278,1,6,0,0,5,6,2,0,6,11,2.1,0,0,25
8,2003-04,2004-01-02,Away,L,-2,SEA,Western,1,36.02,11,25,0.44,3,4,7,8,6,6,4,0,3,32,24.7,0,0,25
8,2003-04,2004-01-04,Away,L,-3,LAC,Western,1,39.34,14,27,0.519,4,7,12,15,10,3,4,0,2,44,37.4,1,0,25
8,2003-04,2004-01-06,Away,L,-16,MIN,Western,1,38.3,8,17,0.471,0,1,4,6,10,4,0,0,1,20,14.5,1,0,25
8,2003-04,2004-01-07,Away,L,-22,DEN,Western,1,37.11,8,23,0.348,1,4,10,11,3,6,6,0,5,27,19.0,0,0,25
8,2003-04,2004-01-09,Home,W,46,ATL,Eastern,1,30.5,9,19,0.474,2,5,6,6,5,6,3,0,1,26,23.2,0,0,25
8,2003-04,2004-01-12,Home,W,10,CLE,Eastern,1,17.05,3,8,0.375,0,0,4,5,5,2,1,0,0,10,9.1,0,0,25
8,2003-04,2004-01-24,Away,W,7,UTA,Western,1,37.31,6,15,0.4,1,4,8,13,4,6,0,0,0,21,17.1,0,0,25
8,2003-04,2004-01-28,Home,W,14,SEA,Western,1,29.01,6,15,0.4,0,3,2,3,2,3,0,0,3,14,5.2,0,0,25
8,2003-04,2004-02-11,Away,L,-15,HOU,Western,1,35.36,4,7,0.571,4,5,2,2,1,3,0,0,1,14,10.9,0,0,25
8,2003-04,2004-02-17,Home,W,3,POR,Western,1,41.2,13,23,0.565,0,1,5,9,8,10,2,0,4,31,27.1,1,0,25
8,2003-04,2004-02-18,Away,W,1,GSW,Western,1,43.39,11,16,0.688,0,1,13,15,6,8,2,1,5,35,32.9,0,0,25
8,2003-04,2004-02-20,Home,W,28,PHI,Eastern,1,29.15,10,18,0.556,1,2,7,8,5,7,3,2,2,28,27.8,0,0,25
8,2003-04,2004-02-22,Away,W,12,PHO,Western,1,42.04,15,25,0.6,2,5,8,8,7,5,3,0,2,40,36.7,0,0,25
8,2003-04,2004-02-25,Away,W,1,DEN,Western,1,41.09,14,26,0.538,2,4,5,5,7,10,3,0,3,35,31.5,1,0,25
8,2003-04,2004-02-26,Home,L,-2,SAC,Western,1,41.32,12,28,0.429,2,6,9,10,11,6,1,0,4,35,24.7,1,0,25
8,2003-04,2004-02-28,Away,W,12,WAS,Eastern,1,38.27,8,16,0.5,2,4,7,8,14,10,2,0,2,25,27.8,0,1,25
8,2003-04,2004-02-29,Away,W,17,NJN,Eastern,1,32.4,4,12,0.333,2,6,1,2,6,10,1,0,4,11,8.8,1,0,25
8,2003-04,2004-03-03,Away,W,3,HOU,Western,1,46.17,7,19,0.368,0,5,4,4,8,13,0,0,4,18,14.2,1,0,25
8,2003-04,2004-03-05,Home,W,8,SEA,Western,1,0.54,0,0,,0,0,0,0,0,0,0,0,0,0,-0.4,0,0,25
8,2003-04,2004-03-10,Away,W,8,BOS,Eastern,1,40.32,4,16,0.25,0,2,10,14,5,10,3,0,3,18,15.7,1,0,25
8,2003-04,2004-03-12,Away,L,-10,MIN,Western,1,37.49,6,20,0.3,1,3,3,3,11,5,0,0,2,16,9.2,1,0,25
8,2003-04,2004-03-13,Away,W,7,CHI,Eastern,1,38.04,12,25,0.48,1,4,10,11,8,3,2,1,5,35,24.1,0,0,25
8,2003-04,2004-03-15,Home,W,3,ORL,Eastern,1,44.34,13,26,0.5,2,5,10,13,3,4,1,1,1,38,26.6,0,0,25
8,2003-04,2004-03-17,Away,W,3,LAC,Western,1,39.04,11,17,0.647,1,3,4,4,9,6,1,1,3,27,24.7,0,0,25
8,2003-04,2004-03-19,Home,W,6,LAC,Western,1,39.15,10,20,0.5,0,2,7,8,7,3,5,0,3,27,22.0,0,0,25
8,2003-04,2004-03-21,Home,W,1,MIL,Eastern,1,38.27,7,17,0.412,0,1,8,8,5,4,1,1,5,22,14.3,0,0,25
8,2003-04,2004-03-24,Home,W,24,SAC,Western,1,36.19,11,23,0.478,2,5,12,12,6,6,1,0,0,36,30.9,0,0,25
8,2003-04,2004-03-26,Home,W,17,MIN,Western,1,36.41,13,21,0.619,2,4,7,7,9,5,2,2,4,35,31.1,0,0,25
8,2003-04,2004-03-28,Home,W,7,UTA,Western,1,40.19,8,23,0.348,1,3,17,21,6,4,1,1,1,34,23.2,0,0,25
8,2003-04,2004-03-30,Home,W,19,NOH,Western,1,34.21,7,17,0.412,3,7,6,6,3,6,1,0,4,23,15.2,0,0,25
8,2003-04,2004-04-01,Home,W,8,HOU,Western,1,45.14,8,19,0.421,1,2,9,12,7,4,5,1,6,26,19.3,0,0,25
8,2003-04,2004-04-02,Away,W,11,SEA,Western,1,39.27,9,18,0.5,3,5,4,6,1,2,2,0,3,25,14.3,0,0,25
8,2003-04,2004-04-04,Home,L,-6,SAS,Western,1,44.09,9,26,0.346,2,7,8,10,6,3,0,2,3,28,14.5,0,0,25
8,2003-04,2004-04-06,Home,L,-11,POR,Western,1,42.54,5,23,0.217,0,6,2,2,6,8,1,1,3,12,4.0,0,0,25
8,2003-04,2004-04-09,Home,W,8,MEM,Western,1,45.0,9,23,0.391,1,4,14,15,6,7,4,1,3,33,28.1,0,0,25
8,2003-04,2004-04-11,Away,L,-17,SAC,Western,1,41.24,3,13,0.231,0,3,2,3,5,4,2,0,3,8,1.8,0,0,25
8,2003-04,2004-04-13,Home,W,5,GSW,Western,1,43.1,14,29,0.483,0,6,17,18,7,8,2,2,1,45,39.2,0,0,25
8,2003-04,2004-04-14,Away,W,1,POR,Western,1,53.28,14,31,0.452,4,10,5,9,8,5,1,1,2,37,23.3,0,0,25
9,2004-05,2004-11-02,Home,W,11,DEN,Western,1,41.3,5,14,0.357,1,2,14,15,4,7,1,3,4,25,21.6,0,0,26
9,2004-05,2004-11-03,Away,L,-26,UTA,Western,1,41.29,9,21,0.429,4,9,16,20,4,1,1,0,2,38,24.6,0,0,26
9,2004-05,2004-11-05,Home,L,-9,SAS,Western,1,45.01,8,22,0.364,1,5,11,13,5,4,1,1,3,28,18.0,0,0,26
9,2004-05,2004-11-07,Home,W,16,ATL,Eastern,1,43.35,6,12,0.5,1,2,11,12,5,6,0,2,3,24,21.3,0,0,26
9,2004-05,2004-11-09,Away,W,8,NOH,Western,1,37.54,8,18,0.444,1,5,14,14,8,4,0,1,7,31,18.5,0,0,26
9,2004-05,2004-11-10,Away,L,-23,MEM,Western,1,33.34,4,19,0.211,2,6,10,13,6,4,1,1,2,20,11.8,0,0,26
9,2004-05,2004-11-12,Away,L,-9,ORL,Eastern,1,43.53,14,31,0.452,2,8,11,12,7,8,2,0,1,41,31.6,0,0,26
9,2004-05,2004-11-13,Away,W,5,HOU,Western,1,41.17,7,20,0.35,0,5,5,7,11,3,0,2,5,19,8.4,1,0,26
9,2004-05,2004-11-17,Home,W,14,LAC,Western,1,45.12,9,16,0.563,0,1,5,5,6,11,5,2,5,23,24.3,1,0,26
9,2004-05,2004-11-19,Away,L,-5,PHO,Western,1,45.23,10,33,0.303,5,10,4,5,11,10,0,1,3,29,18.7,0,1,26
9,2004-05,2004-11-21,Home,W,9,CHI,Eastern,1,45.33,10,22,0.455,1,2,8,17,10,7,1,1,9,29,13.8,1,0,26
9,2004-05,2004-11-23,Home,W,4,MIL,Eastern,1,44.02,11,24,0.458,0,2,8,10,6,5,3,1,4,30,21.4,0,0,26
9,2004-05,2004-11-26,Home,L,-3,SAC,Western,1,45.23,11,17,0.647,3,4,15,19,7,8,0,2,3,40,36.6,0,0,26
9,2004-05,2004-11-28,Home,W,13,NOH,Western,1,43.35,7,20,0.35,1,5,5,5,6,7,3,1,7,20,11.4,0,0,26
9,2004-05,2004-11-30,Away,W,5,MIL,Eastern,1,42.58,4,13,0.308,2,6,10,12,7,11,1,2,4,20,20.3,1,0,26
9,2004-05,2004-12-01,Away,L,-8,CHI,Eastern,1,43.5,9,21,0.429,3,11,7,9,3,10,1,3,6,28,19.5,1,0,26
9,2004-05,2004-12-03,Home,W,9,GSW,Western,1,43.05,3,12,0.25,0,2,4,7,12,10,2,0,8,10,5.0,0,1,26
9,2004-05,2004-12-08,Home,L,-3,PHO,Western,1,45.19,7,23,0.304,4,10,2,3,14,11,2,0,8,20,12.2,0,1,26
9,2004-05,2004-12-11,Away,W,2,LAC,Western,1,45.1,13,32,0.406,1,6,10,10,10,5,0,2,4,37,23.3,1,0,26
9,2004-05,2004-12-12,Home,W,7,ORL,Eastern,1,41.33,6,23,0.261,0,1,11,15,8,6,0,0,3,23,12.1,0,0,26
9,2004-05,2004-12-14,Away,L,-15,SEA,Western,1,44.35,12,23,0.522,3,8,8,10,9,5,1,0,4,35,26.9,0,0,26
9,2004-05,2004-12-16,Away,W,16,SAC,Western,1,41.38,10,17,0.588,3,8,8,10,6,12,2,2,4,31,31.1,1,0,26
9,2004-05,2004-12-17,Home,L,-4,WAS,Eastern,1,50.06,9,22,0.409,3,7,15,22,10,14,2,1,5,36,31.9,0,1,26
9,2004-05,2004-12-20,Home,L,-10,MEM,Western,1,44.41,2,16,0.125,0,6,7,9,6,8,1,2,4,11,4.0,0,0,26
9,2004-05,2004-12-22,Home,W,12,NOH,Western,1,44.56,9,26,0.346,1,4,10,15,5,4,4,1,4,29,17.8,0,0,26
9,2004-05,2004-12-25,Home,L,-2,MIA,Eastern,1,49.59,12,30,0.4,5,13,13,13,3,6,1,0,9,42,21.3,0,0,26
9,2004-05,2004-12-28,Home,W,18,TOR,Eastern,1,45.53,14,26,0.538,4,7,16,18,2,4,2,0,5,48,34.2,0,0,26
9,2004-05,2005-01-02,Home,W,8,DEN,Western,1,36.23,14,29,0.483,2,6,12,16,5,4,4,1,7,42,25.7,0,0,26
9,2004-05,2005-01-04,Away,L,-17,SAS,Western,1,34.38,5,16,0.313,0,5,7,8,5,2,1,0,3,17,7.5,0,0,26
9,2004-05,2005-01-05,Away,L,-14,DAL,Western,1,47.1,12,30,0.4,4,11,4,6,3,3,1,0,5,32,14.0,0,0,26
9,2004-05,2005-01-07,Home,W,7,HOU,Western,1,45.07,10,19,0.526,1,2,6,10,5,10,0,0,3,27,20.4,1,0,26
9,2004-05,2005-01-10,Away,W,9,MIN,Western,1,40.28,9,19,0.474,6,11,7,7,1,4,0,1,5,31,20.5,0,0,26
9,2004-05,2005-01-12,Away,L,-12,DEN,Western,1,40.12,5,14,0.357,2,8,4,6,5,7,3,2,1,16,16.8,0,0,26
9,2004-05,2005-01-13,Home,W,4,CLE,Eastern,1,6.21,1,2,0.5,0,1,0,0,0,3,0,0,1,2,2.1,0,0,26
9,2004-05,2005-02-13,Away,L,-14,CLE,Eastern,1,40.36,7,22,0.318,1,4,11,11,4,6,2,0,4,26,16.0,0,0,26
9,2004-05,2005-02-15,Home,W,7,UTA,Western,1,42.5,12,19,0.632,1,3,15,19,5,8,3,0,5,40,33.8,0,0,26
9,2004-05,2005-02-22,Home,W,9,BOS,Eastern,1,40.35,6,13,0.462,0,3,9,12,6,3,1,1,3,21,14.5,0,0,26
9,2004-05,2005-02-23,Away,W,3,POR,Western,1,42.51,8,17,0.471,2,6,13,13,3,6,0,0,5,31,21.6,0,0,26
9,2004-05,2005-02-25,Home,L,-21,DET,Eastern,1,39.47,6,12,0.5,1,3,7,7,4,11,1,0,6,20,16.3,1,0,26
9,2004-05,2005-02-27,Away,L,-6,TOR,Eastern,1,41.41,12,25,0.48,1,6,6,8,8,8,0,0,4,31,20.7,0,0,26
9,2004-05,2005-02-28,Away,L,-2,NYK,Eastern,1,46.22,7,17,0.412,2,5,14,17,5,8,1,2,7,30,21.4,0,0,26
9,2004-05,2005-03-02,Away,L,-3,BOS,Eastern,1,40.25,9,24,0.375,1,6,7,8,1,3,0,1,1,26,12.5,0,0,26
9,2004-05,2005-03-04,Home,W,5,DAL,Western,1,43.37,13,27,0.481,0,4,14,16,8,6,2,2,3,40,32.1,0,0,26
9,2004-05,2005-03-06,Home,W,9,IND,Eastern,1,39.15,12,24,0.5,0,2,13,13,10,2,2,0,5,37,26.0,1,0,26
9,2004-05,2005-03-08,Home,L,-9,LAC,Western,1,42.45,12,21,0.571,1,3,16,16,5,3,0,1,3,41,32.0,0,0,26
9,2004-05,2005-03-10,Away,W,5,DAL,Western,1,43.48,14,22,0.636,0,0,8,10,9,3,1,2,3,36,28.8,0,0,26
9,2004-05,2005-03-12,Away,W,1,CHA,Eastern,1,44.1,12,24,0.5,4,6,4,5,4,9,0,0,2,32,25.1,0,0,26
9,2004-05,2005-03-14,Away,L,-14,WAS,Eastern,1,40.54,6,22,0.273,4,12,2,2,4,6,1,1,1,18,11.1,0,0,26
9,2004-05,2005-03-15,Away,L,-17,PHI,Eastern,1,35.27,6,15,0.4,3,8,5,7,3,2,2,0,4,20,10.2,0,0,26
9,2004-05,2005-03-17,Away,L,-13,MIA,Eastern,1,45.29,8,23,0.348,2,6,8,9,10,3,4,1,3,26,20.7,1,0,26
9,2004-05,2005-03-18,Away,L,-6,IND,Eastern,1,28.3,5,14,0.357,1,4,1,2,2,4,1,0,0,12,7.0,0,0,26
9,2004-05,2005-03-20,Home,L,-2,SEA,Western,1,40.28,12,23,0.522,4,10,2,4,5,4,1,0,2,30,20.8,0,0,26
9,2004-05,2005-03-22,Away,L,-8,UTA,Western,1,44.01,16,26,0.615,9,15,2,6,3,4,2,0,3,43,31.9,0,0,26
9,2004-05,2005-03-24,Away,L,-21,DEN,Western,1,38.41,5,13,0.385,0,4,8,8,4,4,1,2,6,18,11.7,0,0,26
9,2004-05,2005-03-27,Home,L,-7,PHI,Eastern,1,38.52,10,22,0.455,6,13,8,8,10,5,0,1,6,34,22.2,1,0,26
9,2004-05,2005-03-29,Home,W,10,NYK,Eastern,1,38.25,10,17,0.588,3,7,9,14,6,5,1,0,4,32,24.4,0,0,26
9,2004-05,2005-03-31,Home,L,-9,MIN,Western,1,40.25,7,16,0.438,3,7,9,12,8,6,1,0,2,26,23.2,0,0,26
9,2004-05,2005-04-02,Away,L,-1,SAS,Western,1,39.48,6,19,0.316,1,6,2,2,8,6,3,0,5,15,8.3,0,0,26
9,2004-05,2005-04-03,Away,L,-20,MEM,Western,1,14.1,4,8,0.5,0,3,1,1,3,0,0,0,1,9,4.9,0,0,26
9,2004-05,2005-04-07,Home,L,-14,HOU,Western,1,41.3,4,19,0.211,2,6,9,10,10,10,1,0,1,19,16.9,0,1,26
9,2004-05,2005-04-08,Away,W,23,SEA,Western,1,40.06,15,22,0.682,7,11,5,6,2,5,2,1,3,42,35.6,0,0,26
9,2004-05,2005-04-10,Away,L,-19,SAC,Western,1,35.36,8,17,0.471,1,4,1,2,4,6,3,1,2,18,15.6,0,0,26
9,2004-05,2005-04-11,Home,L,-11,PHO,Western,1,38.17,8,17,0.471,0,3,4,5,5,10,1,2,5,20,16.8,1,0,26
9,2004-05,2005-04-17,Home,L,-2,DAL,Western,1,34.23,9,15,0.6,5,9,10,11,7,9,2,0,8,33,28.9,0,0,26
9,2004-05,2005-04-18,Away,L,-27,GSW,Western,1,37.19,9,27,0.333,0,4,4,6,6,5,1,0,6,22,6.6,0,0,26
9,2004-05,2005-04-20,Away,L,-3,POR,Western,1,37.07,10,20,0.5,0,5,17,21,5,4,0,0,6,37,24.1,0,0,26
10,2005-06,2005-11-02,Away,W,2,DEN,Western,1,43.45,13,28,0.464,0,1,7,7,5,4,1,2,6,33,17.7,0,0,27
10,2005-06,2005-11-03,Home,L,-10,PHO,Western,1,41.11,13,26,0.5,0,2,13,14,7,5,0,0,3,39,27.8,0,0,27
10,2005-06,2005-11-06,Home,W,20,DEN,Western,1,42.18,16,31,0.516,0,0,5,5,8,5,0,1,4,37,24.7,0,0,27
10,2005-06,2005-11-08,Away,W,6,ATL,Eastern,1,37.33,15,26,0.577,0,0,7,11,3,5,1,1,1,37,26.7,0,0,27
10,2005-06,2005-11-09,Away,L,-14,MIN,Western,1,40.55,12,26,0.462,0,0,4,6,4,4,1,0,3,28,16.2,0,0,27
10,2005-06,2005-11-11,Away,L,-4,PHI,Eastern,1,40.4,7,27,0.259,0,2,3,4,9,7,1,0,3,17,5.7,0,0,27
10,2005-06,2005-11-14,Away,L,-12,MEM,Western,1,34.0,7,18,0.389,0,0,4,4,3,2,0,1,4,18,6.0,0,0,27
10,2005-06,2005-11-16,Home,W,5,NYK,Eastern,1,44.0,15,36,0.417,0,1,12,14,5,3,2,1,0,42,28.3,0,0,27
10,2005-06,2005-11-18,Home,L,-6,LAC,Western,1,43.28,12,35,0.343,1,6,11,12,4,5,0,0,2,36,18.2,0,0,27
10,2005-06,2005-11-20,Home,L,-3,CHI,Eastern,1,46.06,17,34,0.5,1,4,8,12,6,3,2,0,3,43,26.5,0,0,27
10,2005-06,2005-11-24,Home,W,12,SEA,Western,1,38.46,12,26,0.462,4,5,6,8,2,5,0,0,2,34,20.7,0,0,27
10,2005-06,2005-11-27,Home,L,-6,NJN,Eastern,1,49.31,14,36,0.389,4,12,14,16,3,3,2,0,5,46,23.6,0,0,27
10,2005-06,2005-11-29,Away,L,-6,SAS,Western,1,41.24,9,33,0.273,0,6,7,8,4,0,4,1,3,25,8.4,0,0,27
10,2005-06,2005-12-01,Away,W,4,UTA,Western,1,44.2,11,31,0.355,2,6,6,9,7,3,2,0,2,30,14.1,0,0,27
10,2005-06,2005-12-02,Home,L,-5,MIN,Western,1,41.25,9,16,0.563,1,3,1,2,9,8,2,1,1,20,23.2,0,0,27
10,2005-06,2005-12-04,Home,W,1,CHA,Eastern,1,40.15,9,30,0.3,0,4,11,12,6,4,1,0,2,29,14.4,0,0,27
10,2005-06,2005-12-06,Away,W,19,MIL,Eastern,1,40.42,14,24,0.583,0,2,5,5,5,6,1,1,2,33,27.2,0,0,27
10,2005-06,2005-12-07,Away,W,11,TOR,Eastern,1,26.23,5,12,0.417,1,2,0,2,2,9,0,0,4,11,6.3,0,0,27
10,2005-06,2005-12-09,Away,W,13,CHI,Eastern,1,37.25,9,21,0.429,0,1,5,7,9,8,1,0,4,23,16.0,0,0,27
10,2005-06,2005-12-10,Away,L,-13,MIN,Western,1,40.47,11,20,0.55,3,6,10,12,4,3,0,1,7,35,21.2,0,0,27
10,2005-06,2005-12-12,Away,W,3,DAL,Western,1,43.15,15,33,0.455,3,9,10,12,5,2,4,1,2,43,30.3,0,0,27
10,2005-06,2005-12-14,Away,W,15,MEM,Western,1,31.18,10,17,0.588,2,4,5,8,8,3,1,0,3,27,20.4,0,0,27
10,2005-06,2005-12-16,Home,W,6,WAS,Eastern,1,36.54,14,24,0.583,2,3,11,14,8,4,1,1,1,41,33.3,0,0,27
10,2005-06,2005-12-18,Home,L,-2,HOU,Western,1,37.47,6,13,0.462,1,3,11,12,2,6,2,0,3,24,19.9,0,0,27
10,2005-06,2005-12-20,Home,W,22,DAL,Western,1,32.53,18,31,0.581,4,10,22,25,8,0,3,0,2,62,49.7,0,0,27
10,2005-06,2005-12-23,Away,W,16,ORL,Eastern,1,39.19,6,16,0.375,0,4,9,12,2,9,0,1,1,21,16.4,0,0,27
10,2005-06,2005-12-25,Away,L,-5,MIA,Eastern,1,44.17,12,30,0.4,0,8,13,19,8,6,0,2,3,37,22.2,0,0,27
10,2005-06,2005-12-26,Away,L,-3,WAS,Eastern,1,38.06,10,27,0.37,2,6,9,10,5,2,0,1,5,31,13.5,0,0,27
10,2005-06,2005-12-28,Home,L,-1,MEM,Western,1,46.35,13,37,0.351,4,8,15,19,7,4,2,1,2,45,27.1,0,0,27
10,2005-06,2006-01-06,Home,W,26,PHI,Eastern,1,35.2,19,29,0.655,7,7,3,4,10,2,2,0,7,48,33.5,1,0,27
10,2005-06,2006-01-07,Away,W,3,LAC,Western,1,45.21,17,41,0.415,7,15,9,10,8,8,1,0,3,50,34.1,0,0,27
10,2005-06,2006-01-09,Home,W,6,IND,Eastern,1,44.5,14,32,0.438,2,6,15,21,10,5,1,0,2,45,30.1,1,0,27
10,2005-06,2006-01-11,Away,L,-10,POR,Western,1,44.28,13,29,0.448,3,13,12,13,2,3,4,0,2,41,28.2,0,0,27
10,2005-06,2006-01-12,Home,W,1,CLE,Eastern,1,37.1,9,21,0.429,1,5,8,8,2,2,2,0,5,27,13.3,0,0,27
10,2005-06,2006-01-14,Away,W,6,GSW,Western,1,41.1,13,28,0.464,1,5,11,11,7,7,0,0,3,38,26.8,0,0,27
10,2005-06,2006-01-16,Home,W,8,MIA,Eastern,1,40.54,13,24,0.542,2,5,9,9,3,4,1,0,1,37,27.9,0,0,27
10,2005-06,2006-01-19,Away,L,-9,SAC,Western,1,44.07,17,35,0.486,4,12,13,13,9,4,1,0,4,51,35.0,0,0,27
10,2005-06,2006-01-20,Away,L,-13,PHO,Western,1,40.21,12,33,0.364,4,12,9,9,2,2,3,0,4,37,18.1,0,0,27
10,2005-06,2006-01-22,Home,W,18,TOR,Eastern,1,41.56,28,46,0.609,7,13,18,20,6,2,3,1,3,81,63.5,0,0,27
10,2005-06,2006-01-27,Home,W,1,GSW,Western,1,49.11,7,22,0.318,2,4,14,16,5,8,0,0,6,30,16.5,0,0,27
10,2005-06,2006-01-29,Away,L,-9,DET,Eastern,1,42.25,12,28,0.429,3,11,12,14,6,3,1,0,3,39,24.1,0,0,27
10,2005-06,2006-01-31,Away,W,33,NYK,Eastern,1,33.53,7,17,0.412,3,8,23,26,3,3,4,0,3,40,32.5,0,0,27
10,2005-06,2006-02-01,Away,L,-26,IND,Eastern,1,35.26,8,24,0.333,2,8,8,9,5,2,4,1,1,26,17.4,0,0,27
10,2005-06,2006-02-03,Away,L,-10,CHA,Eastern,1,41.03,12,18,0.667,2,7,9,9,9,5,4,0,7,35,29.6,0,0,27
10,2005-06,2006-02-04,Away,L,-16,NOK,Western,1,37.42,13,26,0.5,5,11,4,5,6,5,0,0,7,35,17.9,0,0,27
10,2005-06,2006-02-07,Away,L,-15,DAL,Western,1,42.22,5,22,0.227,3,11,11,13,4,4,3,0,4,24,11.2,0,0,27
10,2005-06,2006-02-08,Away,W,11,HOU,Western,1,45.15,13,29,0.448,2,8,4,5,3,9,6,1,0,32,30.0,0,0,27
10,2005-06,2006-02-11,Home,L,-1,MEM,Western,1,45.33,10,28,0.357,1,8,5,7,4,4,2,2,4,26,11.8,0,0,27
10,2005-06,2006-02-13,Home,W,6,UTA,Western,1,36.02,6,20,0.3,3,8,8,8,4,3,7,0,0,23,20.9,0,0,27
10,2005-06,2006-02-15,Home,L,-4,ATL,Eastern,1,46.44,14,28,0.5,5,14,6,12,3,9,2,0,4,39,27.4,0,0,27
10,2005-06,2006-02-21,Home,W,17,POR,Western,1,42.23,11,19,0.579,5,8,0,1,6,4,5,1,2,27,25.2,0,0,27
10,2005-06,2006-02-23,Home,W,21,SAC,Western,1,36.26,14,27,0.519,4,7,4,4,6,10,2,0,1,36,30.9,1,0,27
10,2005-06,2006-02-24,Away,L,-19,LAC,Western,1,43.36,12,29,0.414,5,11,10,12,4,8,2,0,5,39,25.3,0,0,27
10,2005-06,2006-02-26,Home,L,-1,BOS,Eastern,1,40.02,11,23,0.478,3,8,15,17,8,6,1,0,3,40,30.5,0,0,27
10,2005-06,2006-02-28,Home,W,15,ORL,Eastern,1,43.53,11,20,0.55,4,9,2,2,4,8,3,0,2,28,25.8,0,0,27
10,2005-06,2006-03-01,Away,L,-6,POR,Western,1,41.25,10,27,0.37,0,6,15,15,6,5,2,0,4,35,22.2,0,0,27
10,2005-06,2006-03-03,Away,W,12,GSW,Western,1,41.54,11,29,0.379,4,8,16,18,4,5,3,0,6,42,25.8,0,0,27
10,2005-06,2006-03-04,Home,W,11,DET,Eastern,1,36.1,13,26,0.5,1,3,13,13,5,4,0,0,2,40,28.1,0,0,27
10,2005-06,2006-03-06,Home,L,-7,SAS,Western,1,40.56,17,32,0.531,3,8,6,6,6,3,0,0,2,43,28.5,0,0,27
10,2005-06,2006-03-08,Away,W,6,NOK,Western,1,43.56,12,33,0.364,2,6,14,16,6,1,3,1,2,40,25.9,0,0,27
10,2005-06,2006-03-10,Away,W,8,SAS,Western,1,43.13,11,29,0.379,1,5,6,7,4,4,2,0,2,29,16.3,0,0,27
10,2005-06,2006-03-12,Home,L,-7,SEA,Western,1,43.44,8,29,0.276,2,13,4,5,5,7,2,0,5,22,7.5,0,0,27
10,2005-06,2006-03-14,Away,L,-16,SAC,Western,1,44.48,12,28,0.429,4,8,2,3,7,7,1,1,3,30,20.1,0,0,27
10,2005-06,2006-03-15,Home,W,3,MIN,Western,1,42.28,12,25,0.48,0,3,1,1,1,3,1,1,2,25,14.0,0,0,27
10,2005-06,2006-03-17,Away,L,-3,NJN,Eastern,1,44.52,9,24,0.375,2,8,4,4,2,11,1,1,7,24,11.8,1,0,27
10,2005-06,2006-03-19,Away,L,-1,CLE,Eastern,1,45.0,15,33,0.455,1,4,7,7,6,5,3,1,3,38,25.3,0,0,27
10,2005-06,2006-03-20,Away,W,8,BOS,Eastern,1,40.37,18,39,0.462,0,5,7,10,5,4,5,0,2,43,28.6,0,0,27
10,2005-06,2006-03-22,Home,W,7,SAC,Western,1,40.4,11,20,0.55,2,3,4,6,5,4,3,0,4,28,20.1,0,0,27
10,2005-06,2006-03-24,Home,W,5,MIL,Eastern,1,43.37,12,26,0.462,5,10,14,14,5,2,0,0,4,43,27.7,0,0,27
10,2005-06,2006-03-26,Home,W,11,NOK,Western,1,40.44,10,19,0.526,1,3,9,11,5,2,3,0,4,30,20.6,0,0,27
10,2005-06,2006-03-30,Home,L,-11,SAS,Western,1,37.04,9,26,0.346,0,6,5,5,7,2,1,1,6,23,6.8,0,0,27
10,2005-06,2006-03-31,Away,W,13,SEA,Western,1,46.03,17,38,0.447,1,4,8,8,5,4,1,1,6,43,22.4,0,0,27
10,2005-06,2006-04-02,Home,W,16,HOU,Western,1,35.57,19,32,0.594,3,5,2,2,3,6,1,0,2,43,31.5,0,0,27
10,2005-06,2006-04-06,Away,L,-2,DEN,Western,1,45.45,13,32,0.406,3,7,13,14,8,1,0,0,3,42,23.7,0,0,27
10,2005-06,2006-04-07,Away,L,-11,PHO,Western,1,42.16,19,33,0.576,5,11,8,10,5,3,1,0,2,51,36.1,0,0,27
10,2005-06,2006-04-09,Home,W,17,LAC,Western,1,47.21,14,27,0.519,3,7,7,9,5,5,3,0,4,38,26.3,0,0,27
10,2005-06,2006-04-11,Home,W,11,GSW,Western,1,34.15,10,22,0.455,2,8,9,14,4,5,2,0,1,31,22.1,0,0,27
10,2005-06,2006-04-14,Home,W,11,POR,Western,1,43.5,17,28,0.607,5,10,11,14,6,1,5,0,3,50,39.3,0,0,27
10,2005-06,2006-04-16,Home,W,20,PHO,Western,1,38.36,11,28,0.393,1,5,20,23,8,5,3,0,1,43,34.5,0,0,27
10,2005-06,2006-04-19,Home,W,20,NOK,Western,1,29.05,13,26,0.5,4,10,5,5,5,3,3,0,1,35,27.2,0,0,27
11,2006-07,2006-11-03,Home,W,6,SEA,Western,1,41.05,8,15,0.533,0,0,7,10,4,6,1,0,6,23,13.7,0,0,28
11,2006-07,2006-11-05,Away,L,-16,SEA,Western,1,39.03,4,10,0.4,0,4,7,8,4,9,1,0,3,15,12.7,0,0,28
11,2006-07,2006-11-07,Home,W,7,MIN,Western,1,35.24,5,7,0.714,0,0,7,7,4,6,2,0,5,17,15.7,0,0,28
11,2006-07,2006-11-08,Away,L,-11,POR,Western,1,36.07,12,19,0.632,1,5,7,9,3,1,1,0,6,32,18.1,0,0,28
11,2006-07,2006-11-10,Home,L,-14,DET,Eastern,1,35.47,5,11,0.455,1,4,8,9,3,2,4,0,3,19,15.4,0,0,28
11,2006-07,2006-11-12,Home,W,10,MEM,Western,1,38.09,7,17,0.412,1,3,6,7,6,6,0,0,5,21,12.1,0,0,28
11,2006-07,2006-11-17,Home,W,7,TOR,Eastern,1,40.16,10,19,0.526,0,2,11,12,11,7,0,0,6,31,23.1,1,0,28
11,2006-07,2006-11-19,Home,W,10,CHI,Eastern,1,40.12,5,14,0.357,1,1,7,8,4,4,2,0,4,18,10.6,0,0,28
11,2006-07,2006-11-21,Home,W,4,LAC,Western,1,38.2,12,23,0.522,1,1,15,18,5,5,3,0,1,40,33.7,0,0,28
11,2006-07,2006-11-24,Away,L,-6,UTA,Western,1,40.54,9,18,0.5,2,6,7,10,5,2,1,1,0,27,21.0,0,0,28
11,2006-07,2006-11-26,Home,W,6,NJN,Eastern,1,42.43,8,24,0.333,1,4,2,4,6,10,0,0,2,19,11.0,1,0,28
11,2006-07,2006-11-28,Home,L,-4,MIL,Eastern,1,41.04,7,23,0.304,6,14,7,7,2,4,1,1,1,27,16.2,0,0,28
11,2006-07,2006-11-30,Home,W,30,UTA,Western,1,34.21,19,26,0.731,2,3,12,15,4,3,0,1,1,52,41.2,0,0,28
11,2006-07,2006-12-02,Away,W,9,LAC,Western,1,39.52,11,23,0.478,0,4,7,8,5,3,1,0,7,29,13.7,0,0,28
11,2006-07,2006-12-04,Home,W,14,IND,Eastern,1,21.38,7,16,0.438,3,8,4,4,3,2,3,1,2,21,17.0,0,0,28
11,2006-07,2006-12-06,Home,L,-16,NOK,Western,1,37.03,10,17,0.588,2,6,2,2,2,4,2,0,1,24,19.3,0,0,28
11,2006-07,2006-12-10,Home,W,7,SAS,Western,1,39.25,13,25,0.52,4,5,4,4,8,1,3,0,4,34,23.8,0,0,28
11,2006-07,2006-12-12,Away,W,8,HOU,Western,1,42.54,8,26,0.308,2,8,5,6,8,7,1,0,4,23,10.7,0,0,28
11,2006-07,2006-12-13,Away,L,-9,DAL,Western,1,43.33,9,18,0.5,1,6,14,17,7,4,2,1,4,33,26.0,0,0,28
11,2006-07,2006-12-15,Home,W,11,HOU,Western,1,54.01,17,38,0.447,5,8,14,16,10,8,2,1,5,53,38.3,1,0,28
11,2006-07,2006-12-17,Home,L,-6,WAS,Eastern,1,46.47,15,24,0.625,7,11,8,10,8,10,1,1,4,45,39.3,1,0,28
11,2006-07,2006-12-19,Away,L,-5,CHI,Eastern,1,38.0,6,19,0.316,0,5,7,8,3,4,0,1,4,19,5.7,0,0,28
11,2006-07,2006-12-20,Away,W,17,MIN,Western,1,30.18,10,17,0.588,0,1,4,6,3,6,2,1,2,24,20.3,0,0,28
11,2006-07,2006-12-22,Away,W,4,NJN,Eastern,1,39.57,4,13,0.308,2,5,11,12,6,11,0,0,3,21,18.0,1,0,28
11,2006-07,2006-12-25,Away,L,-16,MIA,Eastern,1,37.55,4,17,0.235,0,4,8,9,2,4,1,0,3,16,5.1,0,0,28
11,2006-07,2006-12-27,Away,W,13,ORL,Eastern,1,36.23,8,22,0.364,0,3,11,12,3,7,2,1,3,27,18.3,0,0,28
11,2006-07,2006-12-29,Away,L,-9,CHA,Eastern,1,54.28,22,45,0.489,4,11,10,12,5,4,0,0,4,58,32.4,0,0,28
11,2006-07,2006-12-31,Home,W,10,PHI,Eastern,1,38.29,15,22,0.682,3,6,2,2,8,6,1,0,2,35,31.2,0,0,28
11,2006-07,2007-01-04,Away,W,4,SAC,Western,1,48.07,11,21,0.524,3,5,17,20,10,9,0,0,4,42,35.0,1,0,28
11,2006-07,2007-01-05,Home,W,19,DEN,Western,1,27.36,2,9,0.222,1,4,3,4,5,10,0,0,3,8,6.8,0,0,28
11,2006-07,2007-01-07,Home,W,3,DAL,Western,1,40.57,9,20,0.45,0,2,8,9,8,6,1,1,3,26,19.3,0,0,28
11,2006-07,2007-01-09,Away,L,-10,MEM,Western,1,29.45,7,15,0.467,2,6,9,9,3,6,3,2,3,25,23.0,0,0,28
11,2006-07,2007-01-10,Away,L,-25,HOU,Western,1,34.03,6,18,0.333,0,3,8,9,6,1,1,0,2,20,10.5,0,0,28
11,2006-07,2007-01-12,Home,W,3,ORL,Eastern,1,39.39,9,15,0.6,0,2,10,11,8,7,1,0,2,28,26.6,0,0,28
11,2006-07,2007-01-15,Home,W,6,MIA,Eastern,1,43.47,11,24,0.458,0,2,3,3,4,8,0,1,1,25,18.7,0,0,28
11,2006-07,2007-01-17,Away,W,4,SAS,Western,1,36.12,12,19,0.632,0,2,10,11,6,8,1,0,7,34,25.7,0,0,28
11,2006-07,2007-01-18,Away,L,-19,DAL,Western,1,33.3,8,18,0.444,0,3,10,11,3,5,0,0,6,26,13.8,0,0,28
11,2006-07,2007-01-20,Away,L,-10,NOK,Western,1,38.5,7,22,0.318,3,7,6,8,6,7,2,1,1,23,18.0,0,0,28
11,2006-07,2007-01-22,Home,W,5,GSW,Western,1,38.52,11,22,0.5,4,7,16,19,8,1,2,1,5,42,30.6,0,0,28
11,2006-07,2007-01-26,Home,L,-9,CHA,Eastern,1,50.01,10,24,0.417,2,5,10,12,6,5,0,0,9,32,14.3,0,0,28
11,2006-07,2007-01-28,Home,L,-2,SAS,Western,1,46.5,13,25,0.52,1,2,4,5,6,7,1,1,3,31,22.9,0,0,28
11,2006-07,2007-01-31,Away,W,13,BOS,Eastern,1,41.46,13,25,0.52,7,9,10,13,8,8,0,2,2,43,36.5,0,0,28
11,2006-07,2007-02-02,Away,L,-11,IND,Eastern,1,39.37,7,25,0.28,2,8,6,6,5,4,5,0,4,22,12.2,0,0,28
11,2006-07,2007-02-03,Away,W,16,WAS,Eastern,1,43.57,14,26,0.538,2,5,9,10,6,6,2,0,4,39,29.6,0,0,28
11,2006-07,2007-02-05,Away,W,7,ATL,Eastern,1,40.4,10,18,0.556,2,5,5,6,6,4,3,0,3,27,21.8,0,0,28
11,2006-07,2007-02-08,Away,L,-15,DET,Eastern,1,37.54,5,13,0.385,2,5,6,6,5,5,2,0,8,18,9.9,0,0,28
11,2006-07,2007-02-09,Away,L,-4,TOR,Eastern,1,42.49,10,23,0.435,1,4,4,4,9,5,3,1,3,25,19.8,0,0,28
11,2006-07,2007-02-11,Away,L,-9,CLE,Eastern,1,43.53,12,24,0.5,1,5,11,11,7,6,1,0,4,36,25.3,0,0,28
11,2006-07,2007-02-13,Home,L,-1,NYK,Eastern,1,38.1,9,20,0.45,2,4,11,11,7,4,2,0,1,31,27.3,0,0,28
11,2006-07,2007-02-15,Home,L,-6,CLE,Eastern,1,40.37,9,22,0.409,2,7,14,15,6,5,2,0,6,34,22.3,0,0,28
11,2006-07,2007-02-21,Home,L,-4,POR,Western,1,39.43,8,22,0.364,0,3,9,11,8,6,2,1,1,25,20.3,0,0,28
11,2006-07,2007-02-23,Home,W,26,BOS,Eastern,1,31.12,13,23,0.565,5,7,7,9,2,9,5,0,3,38,34.8,0,0,28
11,2006-07,2007-02-25,Away,W,17,GSW,Western,1,36.27,9,23,0.391,2,8,6,7,6,6,3,0,4,26,17.7,0,0,28
11,2006-07,2007-02-26,Away,W,8,UTA,Western,1,43.34,7,21,0.333,0,4,21,24,8,4,2,0,4,35,24.7,0,0,28
11,2006-07,2007-03-02,Home,L,-8,SAC,Western,1,40.4,10,22,0.455,1,5,9,9,4,10,0,0,1,30,24.6,1,0,28
11,2006-07,2007-03-04,Away,L,-5,PHO,Western,1,44.51,11,28,0.393,1,5,8,10,4,6,1,1,3,31,19.1,0,0,28
11,2006-07,2007-03-06,Away,L,-10,MIN,Western,1,53.27,13,30,0.433,3,10,11,13,13,8,2,3,4,40,33.0,1,0,28
11,2006-07,2007-03-09,Away,L,-16,PHI,Eastern,1,44.25,12,27,0.444,3,7,3,3,4,4,1,0,3,30,16.3,0,0,28
11,2006-07,2007-03-11,Home,L,-36,DAL,Western,1,36.32,6,19,0.316,0,2,13,18,9,3,0,0,5,25,12.3,0,0,28
11,2006-07,2007-03-15,Away,L,-27,DEN,Western,1,37.49,9,19,0.474,0,5,7,8,5,9,0,0,1,25,20.9,0,0,28
11,2006-07,2007-03-16,Home,W,5,POR,Western,1,49.58,23,39,0.59,8,12,11,12,7,3,3,0,2,65,50.9,0,0,28
11,2006-07,2007-03-18,Home,W,7,MIN,Western,1,44.33,17,35,0.486,4,9,12,14,6,3,3,0,3,50,35.4,0,0,28
11,2006-07,2007-03-22,Away,W,2,MEM,Western,1,45.11,20,37,0.541,3,7,17,18,5,4,0,0,2,60,43.2,0,0,28
11,2006-07,2007-03-23,Away,W,6,NOK,Western,1,46.52,16,29,0.552,2,5,16,16,7,1,0,1,1,50,38.2,0,0,28
11,2006-07,2007-03-25,Home,W,2,GSW,Western,1,46.22,15,33,0.455,4,11,9,11,9,0,1,1,7,43,23.3,0,0,28
11,2006-07,2007-03-27,Home,L,-2,MEM,Western,1,44.13,7,26,0.269,3,7,6,9,5,5,3,0,1,23,14.6,0,0,28
11,2006-07,2007-03-30,Home,L,-3,HOU,Western,1,47.34,19,44,0.432,3,9,12,14,2,2,0,0,3,53,27.6,0,0,28
11,2006-07,2007-04-01,Home,W,23,SAC,Western,1,37.59,6,14,0.429,1,2,6,6,2,13,3,1,4,19,20.6,1,0,28
11,2006-07,2007-04-03,Home,L,-6,DEN,Western,1,44.38,14,31,0.452,0,5,11,11,3,4,0,3,3,39,24.5,0,0,28
11,2006-07,2007-04-04,Away,L,-8,LAC,Western,1,44.42,13,34,0.382,0,3,3,4,7,3,2,2,4,29,12.4,0,0,28
11,2006-07,2007-04-06,Away,W,3,SEA,Western,1,40.54,13,27,0.481,1,4,19,24,5,6,3,1,1,46,38.3,0,0,28
11,2006-07,2007-04-08,Home,L,-8,PHO,Western,1,43.4,14,25,0.56,1,5,5,5,3,7,1,1,5,34,23.8,0,0,28
11,2006-07,2007-04-09,Away,L,-4,DEN,Western,1,46.14,9,30,0.3,1,5,4,5,5,10,1,0,4,23,10.3,1,0,28
11,2006-07,2007-04-12,Home,L,-8,LAC,Western,1,48.0,17,33,0.515,1,4,15,15,9,1,2,0,3,50,34.9,0,0,28
11,2006-07,2007-04-13,Away,L,-8,PHO,Western,1,42.06,7,26,0.269,1,6,2,2,6,4,1,1,2,17,5.5,0,0,28
11,2006-07,2007-04-15,Home,W,11,SEA,Western,1,42.05,18,25,0.72,3,6,11,13,8,3,2,0,1,50,44.4,0,0,28
11,2006-07,2007-04-18,Away,W,11,SAC,Western,1,34.23,12,19,0.632,0,2,10,12,7,6,1,0,1,34,29.8,0,0,28
12,2007-08,2007-10-30,Home,L,-2,HOU,Western,1,42.4,13,32,0.406,1,3,18,27,8,4,4,1,5,45,27.5,0,0,29
12,2007-08,2007-11-02,Away,W,21,PHO,Western,1,27.57,6,15,0.4,1,3,3,3,11,4,3,0,5,16,13.2,1,0,29
12,2007-08,2007-11-04,Home,W,10,UTA,Western,1,42.41,13,19,0.684,1,2,6,8,6,3,3,2,5,33,25.8,0,0,29
12,2007-08,2007-11-06,Home,L,-14,NOH,Western,1,37.22,11,20,0.55,2,6,4,4,6,7,0,3,4,28,21.6,0,0,29
12,2007-08,2007-11-09,Home,W,14,MIN,Western,1,39.41,9,19,0.474,3,8,9,10,7,7,4,0,5,30,25.9,0,0,29
12,2007-08,2007-11-13,Away,L,-15,SAS,Western,1,38.25,9,19,0.474,0,5,0,0,9,5,2,3,3,18,15.2,0,0,29
12,2007-08,2007-11-14,Away,W,3,HOU,Western,1,38.27,11,23,0.478,2,5,6,6,8,5,1,1,4,30,21.5,0,0,29
12,2007-08,2007-11-16,Home,W,12,DET,Eastern,1,36.53,6,18,0.333,2,4,5,5,4,7,1,0,2,19,13.1,0,0,29
12,2007-08,2007-11-18,Home,W,28,CHI,Eastern,1,32.21,6,16,0.375,0,2,6,7,5,3,3,0,4,18,11.0,0,0,29
12,2007-08,2007-11-20,Away,W,20,IND,Eastern,1,31.05,8,16,0.5,5,9,11,11,6,4,1,0,2,32,26.4,0,0,29
12,2007-08,2007-11-21,Away,L,-7,MIL,Eastern,1,42.43,7,18,0.389,2,8,11,11,3,4,1,0,1,27,19.7,0,0,29
12,2007-08,2007-11-23,Away,L,-13,BOS,Eastern,1,36.45,9,21,0.429,3,7,7,9,4,3,0,0,2,28,15.8,0,0,29
12,2007-08,2007-11-25,Home,L,-2,NJN,Eastern,1,40.3,7,21,0.333,2,5,15,16,3,7,4,0,2,31,25.3,0,0,29
12,2007-08,2007-11-27,Home,W,7,SEA,Western,1,35.23,12,22,0.545,1,3,10,12,8,6,0,0,3,35,27.2,0,0,29
12,2007-08,2007-11-29,Home,W,28,DEN,Western,1,29.51,10,18,0.556,0,3,4,5,6,7,1,0,2,24,21.5,0,0,29
12,2007-08,2007-11-30,Away,L,-24,UTA,Western,1,34.43,10,19,0.526,3,5,5,6,4,3,0,0,2,28,18.4,0,0,29
12,2007-08,2007-12-02,Home,L,-7,ORL,Eastern,1,42.09,10,26,0.385,4,9,4,4,6,5,2,0,4,28,17.9,0,0,29
12,2007-08,2007-12-04,Away,W,21,MIN,Western,1,28.56,6,12,0.5,2,5,6,9,3,5,4,0,4,20,16.8,0,0,29
12,2007-08,2007-12-05,Away,W,4,DEN,Western,1,30.46,10,19,0.526,0,3,5,6,8,5,2,1,1,25,21.7,0,0,29
12,2007-08,2007-12-09,Home,W,10,GSW,Western,1,37.45,9,23,0.391,2,6,8,10,6,8,3,1,3,28,22.0,0,0,29
12,2007-08,2007-12-13,Home,W,5,SAS,Western,1,38.05,10,24,0.417,1,4,9,10,7,3,4,0,1,30,24.0,0,0,29
12,2007-08,2007-12-14,Away,L,-2,GSW,Western,1,36.4,6,23,0.261,0,6,9,11,6,5,2,1,5,21,9.1,0,0,29
12,2007-08,2007-12-16,Home,W,21,LAC,Western,1,36.19,11,22,0.5,2,6,8,9,8,3,1,1,4,32,22.8,0,0,29
12,2007-08,2007-12-18,Away,W,12,CHI,Eastern,1,36.23,7,19,0.368,0,3,4,4,6,2,3,1,2,18,12.0,0,0,29
12,2007-08,2007-12-20,Away,L,-4,CLE,Eastern,1,40.02,8,22,0.364,0,3,5,8,5,5,1,0,2,21,11.2,0,0,29
12,2007-08,2007-12-21,Away,W,5,PHI,Eastern,1,39.11,6,20,0.3,2,5,5,5,7,3,2,1,4,19,10.3,0,0,29
12,2007-08,2007-12-23,Away,W,5,NYK,Eastern,1,41.25,14,28,0.5,5,12,6,7,11,8,2,0,2,39,33.5,1,0,29
12,2007-08,2007-12-25,Home,W,7,PHO,Western,1,41.2,12,20,0.6,1,3,13,14,5,7,2,0,8,38,28.0,0,0,29
12,2007-08,2007-12-28,Home,W,14,UTA,Western,1,29.26,11,18,0.611,6,9,3,4,4,7,4,0,5,31,26.3,0,0,29
12,2007-08,2007-12-30,Home,L,-19,BOS,Eastern,1,36.59,6,25,0.24,0,6,10,11,6,3,0,1,3,22,6.9,0,0,29
12,2007-08,2008-01-04,Home,W,31,PHI,Eastern,1,29.1,5,9,0.556,0,1,5,5,6,4,0,0,3,15,11.9,0,0,29
12,2007-08,2008-01-06,Home,W,16,IND,Eastern,1,35.43,8,21,0.381,2,3,8,8,2,6,3,0,4,26,17.1,0,0,29
12,2007-08,2008-01-08,Away,W,16,MEM,Western,1,40.16,8,22,0.364,1,4,8,11,3,6,5,0,3,25,17.5,0,0,29
12,2007-08,2008-01-09,Away,W,29,NOH,Western,1,32.59,8,16,0.5,2,4,1,2,7,7,3,0,1,19,19.6,0,0,29
12,2007-08,2008-01-11,Home,W,5,MIL,Eastern,1,36.48,12,25,0.48,5,9,8,8,5,7,2,0,1,37,30.9,0,0,29
12,2007-08,2008-01-13,Home,W,1,MEM,Western,1,36.06,10,25,0.4,3,10,14,15,3,4,4,0,1,37,30.2,0,0,29
12,2007-08,2008-01-14,Away,W,2,SEA,Western,1,42.12,21,44,0.477,2,8,4,7,2,2,1,0,1,48,26.0,0,0,29
12,2007-08,2008-01-17,Home,L,-8,PHO,Western,1,39.1,10,22,0.455,4,10,6,8,7,4,2,0,2,30,22.7,0,0,29
12,2007-08,2008-01-21,Home,W,17,DEN,Western,1,38.31,5,7,0.714,1,2,6,8,5,11,2,0,6,17,17.3,1,0,29
12,2007-08,2008-01-23,Away,L,-12,SAS,Western,1,45.05,12,27,0.444,1,2,4,4,12,5,0,0,9,29,14.6,1,0,29
12,2007-08,2008-01-25,Away,L,-7,DAL,Western,1,44.56,11,19,0.579,1,3,17,21,10,5,1,1,3,40,33.1,1,0,29
12,2007-08,2008-01-27,Home,L,-3,CLE,Eastern,1,43.01,10,21,0.476,0,1,13,18,12,6,0,1,3,33,25.4,1,0,29
12,2007-08,2008-01-29,Home,W,11,NYK,Eastern,1,43.34,10,21,0.476,1,4,3,6,8,11,0,1,4,24,18.5,1,0,29
12,2007-08,2008-01-31,Away,L,-1,DET,Eastern,1,47.15,12,25,0.48,2,4,13,15,10,5,2,1,11,39,24.1,1,0,29
12,2007-08,2008-02-01,Away,W,20,TOR,Eastern,1,43.55,19,28,0.679,4,8,4,4,7,5,1,0,1,46,38.8,0,0,29
12,2007-08,2008-02-03,Away,W,12,WAS,Eastern,1,35.1,10,15,0.667,2,5,8,11,6,2,1,0,3,30,23.1,0,0,29
12,2007-08,2008-02-05,Away,W,15,NJN,Eastern,1,40.23,3,13,0.231,0,2,0,0,5,8,2,2,7,6,0.8,0,0,29
12,2007-08,2008-02-06,Away,L,-3,ATL,Eastern,1,37.02,4,16,0.25,0,2,3,5,1,10,1,0,1,11,7.1,1,0,29
12,2007-08,2008-02-08,Away,W,4,ORL,Eastern,1,46.08,11,26,0.423,0,2,14,16,10,6,0,1,4,36,24.5,1,0,29
12,2007-08,2008-02-10,Away,W,10,MIA,Eastern,1,42.05,10,15,0.667,2,5,11,11,3,5,2,0,4,33,27.3,0,0,29
12,2007-08,2008-02-11,Away,W,9,CHA,Eastern,1,41.0,9,17,0.529,4,7,9,9,2,4,4,2,4,31,26.3,0,0,29
12,2007-08,2008-02-13,Away,W,25,MIN,Western,1,34.47,7,18,0.389,2,7,13,13,5,5,1,1,1,29,24.9,0,0,29
12,2007-08,2008-02-19,Home,W,29,ATL,Eastern,1,30.19,8,16,0.5,1,4,6,6,5,3,5,0,1,23,23.0,0,0,29
12,2007-08,2008-02-20,Away,W,6,PHO,Western,1,45.44,16,25,0.64,1,2,8,10,5,3,2,2,5,41,30.3,0,0,29
12,2007-08,2008-02-23,Away,W,18,LAC,Western,1,41.33,5,11,0.455,0,3,7,9,5,7,2,0,5,17,12.3,0,0,29
12,2007-08,2008-02-24,Away,W,20,SEA,Western,1,26.05,8,13,0.615,3,5,2,3,4,10,3,0,1,21,24.5,1,0,29
12,2007-08,2008-02-26,Home,W,13,POR,Western,1,44.42,11,25,0.44,1,4,7,8,9,7,2,0,3,30,21.5,0,0,29
12,2007-08,2008-02-28,Home,W,18,MIA,Eastern,1,40.35,7,14,0.5,0,2,7,7,1,8,4,2,3,21,20.3,0,0,29
12,2007-08,2008-02-29,Away,L,-8,POR,Western,1,43.26,12,24,0.5,2,8,7,8,7,5,1,0,6,33,20.8,0,0,29
12,2007-08,2008-03-02,Home,W,4,DAL,Western,1,51.24,15,27,0.556,2,3,20,27,11,4,1,2,5,52,39.4,1,0,29
12,2007-08,2008-03-04,Away,W,12,SAC,Western,1,43.09,10,26,0.385,0,3,14,16,10,3,2,0,4,34,21.7,1,0,29
12,2007-08,2008-03-07,Home,W,37,LAC,Western,1,31.09,5,9,0.556,2,3,4,4,6,3,2,0,2,16,15.2,0,0,29
12,2007-08,2008-03-09,Home,L,-1,SAC,Western,1,42.14,7,18,0.389,0,3,12,15,3,5,3,0,3,26,18.6,0,0,29
12,2007-08,2008-03-11,Home,W,9,TOR,Eastern,1,46.38,12,20,0.6,4,8,6,6,7,7,4,1,4,34,31.7,0,0,29
12,2007-08,2008-03-14,Away,L,-10,NOH,Western,1,37.55,10,23,0.435,4,7,12,13,9,3,1,0,3,36,24.3,0,0,29
12,2007-08,2008-03-16,Away,L,-12,HOU,Western,1,47.04,11,33,0.333,0,4,2,4,7,2,0,0,3,24,3.8,0,0,29
12,2007-08,2008-03-18,Away,W,2,DAL,Western,1,43.32,12,23,0.522,2,4,3,6,2,7,3,0,2,29,21.4,0,0,29
12,2007-08,2008-03-20,Away,W,11,UTA,Western,1,40.43,11,24,0.458,0,2,5,9,8,7,1,0,3,27,17.9,0,0,29
12,2007-08,2008-03-21,Home,W,25,SEA,Western,1,29.49,8,15,0.533,0,3,7,8,2,5,0,0,1,23,18.0,0,0,29
12,2007-08,2008-03-23,Home,L,-4,GSW,Western,1,46.23,13,30,0.433,3,9,7,7,14,8,1,0,3,36,27.2,1,0,29
12,2007-08,2008-03-24,Away,W,4,GSW,Western,1,51.55,11,30,0.367,1,5,7,7,11,7,1,0,3,30,18.8,1,0,29
12,2007-08,2008-03-26,Home,L,-13,CHA,Eastern,1,38.55,8,22,0.364,2,6,9,12,6,3,0,1,3,27,14.0,0,0,29
12,2007-08,2008-03-28,Home,L,-3,MEM,Western,1,41.52,19,37,0.514,9,17,6,7,10,1,3,0,1,53,39.2,1,0,29
12,2007-08,2008-03-30,Home,W,6,WAS,Eastern,1,46.45,7,24,0.292,0,3,12,15,4,13,1,1,1,26,20.6,1,0,29
12,2007-08,2008-04-02,Home,W,13,POR,Western,1,41.28,10,16,0.625,4,5,12,13,13,7,3,0,1,36,38.8,1,0,29
12,2007-08,2008-04-04,Home,W,4,DAL,Western,1,41.41,7,14,0.5,3,4,8,9,10,6,0,0,0,25,24.8,1,0,29
12,2007-08,2008-04-06,Away,W,22,SAC,Western,1,35.56,9,15,0.6,4,7,7,8,5,5,2,0,4,29,24.3,0,0,29
12,2007-08,2008-04-08,Away,L,-9,POR,Western,1,44.41,11,26,0.423,2,7,10,13,5,5,1,1,2,34,22.1,0,0,29
12,2007-08,2008-04-10,Away,W,28,LAC,Western,1,34.35,6,17,0.353,1,5,3,5,3,3,1,2,2,16,9.1,0,0,29
12,2007-08,2008-04-11,Home,W,3,NOH,Western,1,43.07,9,17,0.529,3,7,8,10,10,8,2,0,1,29,28.7,1,0,29
12,2007-08,2008-04-13,Home,W,21,SAS,Western,1,31.57,6,14,0.429,3,6,5,6,5,5,2,1,4,20,15.1,0,0,29
12,2007-08,2008-04-15,Home,W,23,SAC,Western,1,28.54,3,13,0.231,1,5,13,14,3,5,1,0,2,20,14.3,0,0,29
13,2008-09,2008-10-28,Home,W,20,POR,Western,1,32.47,9,17,0.529,1,1,4,5,11,5,1,0,5,23,16.7,1,0,30
13,2008-09,2008-10-29,Away,W,38,LAC,Western,1,30.44,5,12,0.417,0,2,6,7,8,3,2,0,5,16,10.7,0,0,30
13,2008-09,2008-11-01,Away,W,7,DEN,Western,1,32.54,11,24,0.458,1,2,10,12,4,3,2,0,1,33,23.7,0,0,30
13,2008-09,2008-11-05,Home,W,18,LAC,Western,1,36.2,8,21,0.381,0,2,11,14,2,3,2,2,2,27,17.6,0,0,30
13,2008-09,2008-11-09,Home,W,29,HOU,Western,1,32.59,10,17,0.588,1,2,2,4,3,3,2,2,4,23,16.3,0,0,30
13,2008-09,2008-11-11,Away,W,7,DAL,Western,1,35.43,10,20,0.5,0,2,7,8,4,1,1,0,1,27,18.5,0,0,30
13,2008-09,2008-11-12,Away,W,7,NOH,Western,1,38.08,5,15,0.333,1,1,9,9,4,6,0,0,2,20,13.3,0,0,30
13,2008-09,2008-11-14,Home,L,-11,DET,Eastern,1,39.17,12,30,0.4,2,7,3,4,5,6,4,1,3,29,17.8,0,0,30
13,2008-09,2008-11-18,Home,W,7,CHI,Eastern,1,30.32,9,18,0.5,3,6,0,0,5,6,3,2,1,21,20.3,0,0,30
13,2008-09,2008-11-20,Away,W,13,PHO,Western,1,32.32,8,23,0.348,1,5,7,9,5,3,0,1,2,24,13.0,0,0,30
13,2008-09,2008-11-21,Home,W,14,DEN,Western,1,29.42,12,18,0.667,1,3,4,5,4,2,2,0,1,29,24.0,0,0,30
13,2008-09,2008-11-23,Home,W,10,SAC,Western,1,33.46,10,20,0.5,0,1,4,4,4,6,3,1,3,24,19.7,0,0,30
13,2008-09,2008-11-25,Home,W,27,NJN,Eastern,1,27.52,5,17,0.294,0,2,2,2,6,4,1,0,0,12,6.9,0,0,30
13,2008-09,2008-11-28,Home,W,7,DAL,Western,1,39.45,14,26,0.538,1,4,6,6,6,5,1,1,3,35,26.4,0,0,30
13,2008-09,2008-11-30,Home,W,13,TOR,Eastern,1,29.49,9,14,0.643,0,2,5,5,5,7,1,0,3,23,20.8,0,0,30
13,2008-09,2008-12-02,Away,L,-1,IND,Eastern,1,37.13,10,21,0.476,0,5,8,10,7,2,1,0,1,28,20.0,0,0,30
13,2008-09,2008-12-03,Away,W,12,PHI,Eastern,1,36.33,12,20,0.6,1,3,7,7,6,4,2,0,4,32,23.8,0,0,30
13,2008-09,2008-12-05,Away,W,2,WAS,Eastern,1,35.2,5,17,0.294,0,1,13,14,7,7,0,0,2,23,17.7,0,0,30
13,2008-09,2008-12-07,Home,W,13,MIL,Eastern,1,30.36,6,13,0.462,0,1,8,9,5,8,2,0,4,20,18.0,0,0,30
13,2008-09,2008-12-09,Away,L,-12,SAC,Western,1,38.13,9,25,0.36,3,8,7,7,4,3,0,0,2,28,15.4,0,0,30
13,2008-09,2008-12-10,Home,W,5,PHO,Western,1,34.16,6,16,0.375,2,5,4,4,7,3,1,0,5,18,8.6,0,0,30
13,2008-09,2008-12-12,Home,W,9,SAC,Western,1,39.23,11,21,0.524,2,4,8,10,7,3,0,1,4,32,21.8,0,0,30
13,2008-09,2008-12-14,Home,W,12,MIN,Western,1,36.35,9,24,0.375,2,6,6,6,3,5,2,0,2,26,16.4,0,0,30
13,2008-09,2008-12-16,Home,W,2,NYK,Eastern,1,40.56,12,22,0.545,1,3,3,4,7,6,4,0,1,28,26.7,0,0,30
13,2008-09,2008-12-19,Away,L,-2,MIA,Eastern,1,35.3,12,24,0.5,1,3,3,4,3,3,0,0,5,28,12.8,0,0,30
13,2008-09,2008-12-20,Away,L,-3,ORL,Eastern,1,42.35,14,31,0.452,2,3,11,11,8,3,0,0,1,41,28.0,0,0,30
13,2008-09,2008-12-22,Away,W,9,MEM,Western,1,38.15,14,23,0.609,3,6,5,8,4,3,2,0,5,36,24.2,0,0,30
13,2008-09,2008-12-23,Away,W,13,NOH,Western,1,37.19,7,18,0.389,0,1,12,15,6,4,0,0,0,26,18.8,0,0,30
13,2008-09,2008-12-25,Home,W,9,BOS,Eastern,1,43.04,13,23,0.565,1,3,0,0,9,5,1,0,4,27,19.3,0,0,30
13,2008-09,2008-12-28,Home,W,17,GSW,Western,1,31.44,9,15,0.6,3,6,10,10,3,4,4,0,2,31,29.4,0,0,30
13,2008-09,2009-01-02,Home,W,13,UTA,Western,1,38.07,13,23,0.565,2,3,12,14,7,4,2,1,2,40,33.9,0,0,30
13,2008-09,2009-01-04,Home,W,14,POR,Western,1,32.5,11,19,0.579,0,2,4,5,2,3,1,0,4,26,16.0,0,0,30
13,2008-09,2009-01-06,Home,L,-11,NOH,Western,1,41.53,14,22,0.636,6,7,5,6,4,7,0,1,4,39,31.2,0,0,30
13,2008-09,2009-01-07,Away,W,8,GSW,Western,1,39.28,9,20,0.45,2,5,1,1,5,5,2,0,3,21,13.8,0,0,30
13,2008-09,2009-01-09,Home,W,2,IND,Eastern,1,41.56,10,20,0.5,1,4,15,17,7,13,1,0,5,36,31.6,1,0,30
13,2008-09,2009-01-11,Home,W,3,MIA,Eastern,1,36.44,5,14,0.357,2,4,7,7,2,7,0,0,4,19,11.5,0,0,30
13,2008-09,2009-01-13,Away,W,5,HOU,Western,1,42.03,13,32,0.406,1,4,6,9,7,4,0,0,2,33,17.5,0,0,30
13,2008-09,2009-01-14,Away,L,-1,SAS,Western,1,41.38,11,19,0.579,2,3,5,6,7,10,0,1,4,29,25.5,1,0,30
13,2008-09,2009-01-16,Home,L,-6,ORL,Eastern,1,41.22,10,26,0.385,1,5,7,8,13,11,2,0,6,28,20.6,0,1,30
13,2008-09,2009-01-19,Home,W,17,CLE,Eastern,1,40.44,9,22,0.409,1,5,1,3,6,12,1,1,5,20,14.3,1,0,30
13,2008-09,2009-01-21,Away,W,11,LAC,Western,1,41.23,5,15,0.333,2,7,6,6,10,12,1,0,4,18,17.5,0,1,30
13,2008-09,2009-01-22,Home,W,20,WAS,Eastern,1,28.06,4,11,0.364,1,3,2,2,4,5,0,0,0,11,8.8,0,0,30
13,2008-09,2009-01-25,Home,W,14,SAS,Western,1,32.19,8,17,0.471,2,3,4,4,4,3,1,1,1,22,16.5,0,0,30
13,2008-09,2009-01-27,Home,L,-7,CHA,Eastern,1,45.13,15,28,0.536,1,3,7,8,8,5,1,0,2,38,27.3,0,0,30
13,2008-09,2009-01-30,Away,W,13,MIN,Western,1,34.33,12,23,0.522,1,7,5,6,8,5,0,0,2,30,21.8,0,0,30
13,2008-09,2009-01-31,Away,W,17,MEM,Western,1,35.03,10,20,0.5,0,1,5,7,1,7,3,0,1,25,21.0,0,0,30
13,2008-09,2009-02-02,Away,W,9,NYK,Eastern,1,36.48,19,31,0.613,3,6,20,20,0,3,0,1,2,61,47.3,0,0,30
13,2008-09,2009-02-04,Away,W,8,TOR,Eastern,1,37.33,13,28,0.464,4,8,6,8,9,5,2,0,0,36,29.4,0,0,30
13,2008-09,2009-02-05,Away,W,1,BOS,Eastern,1,45.06,10,29,0.345,4,8,2,4,10,5,1,2,3,26,14.8,1,0,30
13,2008-09,2009-02-08,Away,W,10,CLE,Eastern,1,34.36,8,17,0.471,0,2,3,3,3,2,1,0,2,19,10.8,0,0,30
13,2008-09,2009-02-10,Home,W,7,OKC,Western,1,35.51,13,26,0.5,0,3,8,8,7,1,0,0,3,34,21.6,0,0,30
13,2008-09,2009-02-11,Away,L,-4,UTA,Western,1,36.26,14,33,0.424,1,7,8,8,4,4,4,0,4,37,23.1,0,0,30
13,2008-09,2009-02-17,Home,W,13,ATL,Eastern,1,28.4,4,12,0.333,2,4,0,0,4,2,0,2,4,10,4.0,0,0,30
13,2008-09,2009-02-18,Away,W,8,GSW,Western,1,36.16,9,22,0.409,2,3,10,12,3,9,3,2,2,30,26.6,0,0,30
13,2008-09,2009-02-20,Home,W,4,NOH,Western,1,44.53,13,30,0.433,1,2,12,12,5,5,1,1,2,39,27.5,0,0,30
13,2008-09,2009-02-22,Away,W,3,MIN,Western,1,36.4,11,21,0.524,0,2,6,7,6,7,1,0,6,28,18.2,0,0,30
13,2008-09,2009-02-24,Away,W,14,OKC,Western,1,33.47,13,21,0.619,0,3,10,13,4,5,1,0,4,36,27.0,0,0,30
13,2008-09,2009-02-26,Home,W,26,PHO,Western,1,26.5,10,13,0.769,1,2,1,2,4,8,3,0,1,22,24.5,0,0,30
13,2008-09,2009-02-27,Away,L,-11,DEN,Western,1,40.02,10,31,0.323,0,6,9,12,8,2,0,1,2,29,13.4,0,0,30
13,2008-09,2009-03-01,Away,L,-7,PHO,Western,1,39.02,18,38,0.474,3,9,10,10,11,2,1,1,1,49,34.6,1,0,30
13,2008-09,2009-03-03,Home,W,10,MEM,Western,1,29.38,12,23,0.522,1,5,6,6,2,2,1,0,0,31,21.5,0,0,30
13,2008-09,2009-03-06,Home,W,20,MIN,Western,1,27.56,8,17,0.471,2,6,5,5,2,4,1,0,1,23,17.3,0,0,30
13,2008-09,2009-03-09,Away,L,-17,POR,Western,1,38.58,11,29,0.379,2,9,2,2,3,3,1,1,1,26,11.8,0,0,30
13,2008-09,2009-03-11,Away,W,6,HOU,Western,1,39.36,14,23,0.609,2,3,7,10,5,6,4,2,4,37,32.0,0,0,30
13,2008-09,2009-03-12,Away,W,7,SAS,Western,1,38.01,9,21,0.429,1,2,4,4,4,6,0,1,2,23,14.8,0,0,30
13,2008-09,2009-03-15,Home,W,7,DAL,Western,1,40.31,11,20,0.55,3,6,3,3,8,5,1,1,1,28,23.4,0,0,30
13,2008-09,2009-03-17,Home,L,-1,PHI,Eastern,1,32.39,5,15,0.333,1,4,0,0,5,5,2,0,5,11,2.9,0,0,30
13,2008-09,2009-03-19,Home,W,8,GSW,Western,1,39.2,9,25,0.36,2,6,1,1,6,2,2,0,5,21,8.1,0,0,30
13,2008-09,2009-03-21,Away,W,8,CHI,Eastern,1,36.47,10,25,0.4,2,6,6,10,3,7,5,1,3,28,21.0,0,0,30
13,2008-09,2009-03-24,Away,W,18,OKC,Western,1,29.29,6,18,0.333,1,4,6,6,3,5,4,2,0,19,17.4,0,0,30
13,2008-09,2009-03-26,Away,W,15,DET,Eastern,1,38.01,10,18,0.556,1,3,9,10,8,7,2,0,1,30,28.9,0,0,30
13,2008-09,2009-03-27,Away,W,8,NJN,Eastern,1,41.14,5,19,0.263,3,6,1,1,1,9,3,1,3,14,9.2,0,0,30
13,2008-09,2009-03-29,Away,L,-10,ATL,Eastern,1,37.1,7,19,0.368,1,6,2,4,8,4,1,0,4,17,7.5,0,0,30
13,2008-09,2009-03-31,Away,L,-10,CHA,Eastern,1,36.28,11,28,0.393,2,5,1,3,2,2,3,0,1,25,11.8,0,0,30
13,2008-09,2009-04-01,Away,W,6,MIL,Eastern,1,38.41,10,19,0.526,1,2,9,9,8,4,3,0,4,30,24.9,0,0,30
13,2008-09,2009-04-03,Home,W,12,HOU,Western,1,38.35,7,11,0.636,4,6,2,2,1,7,2,0,3,20,19.3,0,0,30
13,2008-09,2009-04-05,Home,W,3,LAC,Western,1,33.41,5,15,0.333,3,6,5,8,4,5,1,1,2,18,11.9,0,0,30
13,2008-09,2009-04-07,Away,W,18,SAC,Western,1,30.32,8,16,0.5,1,5,5,8,5,4,2,0,0,22,18.3,0,0,30
13,2008-09,2009-04-09,Home,W,14,DEN,Western,1,34.53,11,19,0.579,2,5,9,10,3,2,1,0,2,33,25.4,0,0,30
13,2008-09,2009-04-10,Away,L,-8,POR,Western,1,36.02,9,24,0.375,3,6,11,12,5,2,0,0,3,32,16.3,0,0,30
13,2008-09,2009-04-12,Home,W,17,MEM,Western,1,29.14,7,9,0.778,0,2,2,2,7,4,2,1,1,16,19.1,0,0,30
13,2008-09,2009-04-14,Home,W,13,UTA,Western,1,26.22,5,11,0.455,1,2,5,7,1,5,2,0,1,16,13.5,0,0,30
14,2009-10,2009-10-27,Home,W,7,LAC,Western,1,38.2,11,26,0.423,0,1,11,12,8,3,4,1,2,33,26.8,0,0,31
14,2009-10,2009-10-30,Home,L,-14,DAL,Western,1,37.27,6,19,0.316,1,4,7,9,6,2,0,0,3,20,8.9,0,0,31
14,2009-10,2009-11-01,Home,W,8,ATL,Eastern,1,37.38,15,29,0.517,1,2,10,11,8,3,5,0,3,41,32.4,0,0,31
14,2009-10,2009-11-03,Away,W,3,OKC,Western,1,45.41,9,22,0.409,1,3,12,14,6,4,3,1,7,31,18.1,0,0,31
14,2009-10,2009-11-04,Away,W,1,HOU,Western,1,48.29,15,30,0.5,0,3,11,15,6,4,4,0,2,41,30.6,0,0,31
14,2009-10,2009-11-06,Home,W,16,MEM,Western,1,33.39,19,30,0.633,0,0,3,4,4,1,1,0,0,41,29.7,0,0,31
14,2009-10,2009-11-08,Home,W,16,NOH,Western,1,33.42,11,21,0.524,0,2,6,6,2,1,1,0,5,28,13.8,0,0,31
14,2009-10,2009-11-12,Home,W,19,PHO,Western,1,32.34,13,21,0.619,0,0,3,4,4,4,0,0,4,29,17.9,0,0,31
14,2009-10,2009-11-13,Away,L,-26,DEN,Western,1,33.41,7,17,0.412,1,3,4,4,3,2,1,0,4,19,9.6,0,0,31
14,2009-10,2009-11-15,Home,L,-10,HOU,Western,1,38.38,5,20,0.25,0,3,8,9,1,3,3,0,4,18,7.4,0,0,31
14,2009-10,2009-11-17,Home,W,13,DET,Eastern,1,39.13,17,29,0.586,1,3,5,5,5,5,3,0,3,40,31.1,0,0,31
14,2009-10,2009-11-19,Home,W,15,CHI,Eastern,1,37.47,7,21,0.333,0,2,7,8,9,8,0,1,2,21,14.9,0,0,31
14,2009-10,2009-11-22,Home,W,16,OKC,Western,1,32.16,11,23,0.478,0,2,4,4,6,7,2,0,0,26,23.4,0,0,31
14,2009-10,2009-11-24,Home,W,10,NYK,Eastern,1,40.4,14,20,0.7,1,4,5,7,5,4,3,0,4,34,28.1,0,0,31
14,2009-10,2009-11-28,Away,W,33,GSW,Western,1,32.21,8,20,0.4,1,3,3,3,6,6,5,0,2,20,17.8,0,0,31
14,2009-10,2009-11-29,Home,W,19,NJN,Eastern,1,28.4,11,17,0.647,5,8,3,5,8,7,2,1,4,30,25.7,0,0,31
14,2009-10,2009-12-01,Home,W,11,NOH,Western,1,32.31,5,11,0.455,2,5,6,6,3,4,2,0,1,18,15.8,0,0,31
14,2009-10,2009-12-04,Home,W,1,MIA,Eastern,1,42.18,12,25,0.48,2,3,7,8,7,3,3,0,2,33,24.3,0,0,31
14,2009-10,2009-12-06,Home,W,20,PHO,Western,1,35.54,9,16,0.563,2,4,6,8,7,3,1,0,1,26,21.8,0,0,31
14,2009-10,2009-12-09,Home,W,24,UTA,Western,1,37.49,10,19,0.526,1,3,6,8,6,8,2,2,2,27,24.9,0,0,31
14,2009-10,2009-12-11,Home,W,12,MIN,Western,1,34.0,8,18,0.444,1,3,3,4,5,5,1,0,4,20,11.4,0,0,31
14,2009-10,2009-12-12,Away,L,-8,UTA,Western,1,36.43,7,24,0.292,1,9,1,1,6,5,1,0,1,16,6.9,0,0,31
14,2009-10,2009-12-15,Away,W,9,CHI,Eastern,1,39.06,15,26,0.577,1,5,11,15,2,3,3,0,8,42,25.1,0,0,31
14,2009-10,2009-12-16,Away,W,1,MIL,Eastern,1,49.59,13,28,0.464,1,3,12,12,7,4,0,0,7,39,20.9,0,0,31
14,2009-10,2009-12-19,Away,W,19,NJN,Eastern,1,35.02,12,23,0.522,1,5,4,6,10,5,2,1,2,29,23.7,1,0,31
14,2009-10,2009-12-20,Away,W,12,DET,Eastern,1,38.54,11,23,0.478,1,4,5,8,3,4,5,0,2,28,21.4,0,0,31
14,2009-10,2009-12-22,Home,W,3,OKC,Western,1,43.46,14,26,0.538,0,3,12,14,8,6,2,0,5,40,28.6,0,0,31
14,2009-10,2009-12-25,Home,L,-15,CLE,Eastern,1,45.08,11,33,0.333,1,3,12,12,10,8,1,1,4,35,22.6,1,0,31
14,2009-10,2009-12-26,Away,W,9,SAC,Western,1,50.59,16,30,0.533,4,8,2,2,7,4,4,0,5,38,26.1,0,0,31
14,2009-10,2009-12-28,Away,L,-15,PHO,Western,1,36.1,14,26,0.538,1,5,5,6,7,2,0,0,1,34,23.5,0,0,31
14,2009-10,2009-12-29,Home,W,6,GSW,Western,1,42.52,13,27,0.481,2,6,16,16,4,11,1,0,1,44,38.8,1,0,31
14,2009-10,2010-01-01,Home,W,1,SAC,Western,1,47.15,13,27,0.481,5,7,8,11,5,5,1,0,3,39,25.9,0,0,31
14,2009-10,2010-01-03,Home,W,35,DAL,Western,1,32.04,6,12,0.5,1,4,2,2,3,8,0,1,4,15,11.4,0,0,31
14,2009-10,2010-01-05,Home,W,9,HOU,Western,1,42.55,9,23,0.391,1,1,3,4,3,3,1,1,4,22,8.2,0,0,31
14,2009-10,2010-01-06,Away,L,-11,LAC,Western,1,40.21,10,30,0.333,2,7,11,15,3,8,3,0,2,33,22.3,0,0,31
14,2009-10,2010-01-08,Away,L,-9,POR,Western,1,40.33,14,37,0.378,2,8,2,4,7,7,0,1,5,32,13.2,0,0,31
14,2009-10,2010-01-10,Home,W,18,MIL,Eastern,1,28.3,4,21,0.19,0,3,4,6,5,1,2,0,1,12,0.5,0,0,31
14,2009-10,2010-01-12,Away,L,-20,SAS,Western,1,32.18,7,10,0.7,1,1,1,1,1,3,0,0,3,16,11.2,0,0,31
14,2009-10,2010-01-13,Away,W,5,DAL,Western,1,35.0,5,11,0.455,0,2,0,0,2,1,1,0,0,10,5.8,0,0,31
14,2009-10,2010-01-15,Home,W,40,LAC,Western,1,37.11,10,20,0.5,4,7,6,8,2,3,1,0,1,30,21.1,0,0,31
14,2009-10,2010-01-18,Home,W,6,ORL,Eastern,1,44.24,4,19,0.211,0,3,3,4,5,7,0,0,2,11,2.5,0,0,31
14,2009-10,2010-01-21,Away,L,-6,CLE,Eastern,1,39.57,12,31,0.387,2,6,5,8,2,4,0,0,3,31,12.9,0,0,31
14,2009-10,2010-01-22,Away,W,10,NYK,Eastern,1,42.06,8,24,0.333,3,9,8,8,5,6,1,0,3,27,15.5,0,0,31
14,2009-10,2010-01-24,Away,L,-1,TOR,Eastern,1,40.04,11,24,0.458,1,6,4,4,16,9,1,1,4,27,24.2,1,0,31
14,2009-10,2010-01-26,Away,W,12,WAS,Eastern,1,37.16,8,15,0.533,2,7,8,9,4,8,1,0,6,26,19.3,0,0,31
14,2009-10,2010-01-27,Away,W,22,IND,Eastern,1,34.57,10,15,0.667,3,4,6,8,9,7,1,1,1,29,30.4,0,0,31
14,2009-10,2010-01-29,Away,W,8,PHI,Eastern,1,39.5,10,22,0.455,0,4,4,6,4,3,4,2,3,24,16.7,0,0,31
14,2009-10,2010-01-31,Away,W,1,BOS,Eastern,1,44.58,8,20,0.4,1,3,2,4,3,6,0,0,4,19,8.1,0,0,31
14,2009-10,2010-02-01,Away,L,-2,MEM,Western,1,40.1,16,28,0.571,4,7,8,13,3,3,0,0,3,44,28.4,0,0,31
14,2009-10,2010-02-03,Home,W,2,CHA,Eastern,1,36.51,2,12,0.167,1,5,0,2,2,6,2,0,0,5,1.8,0,0,31
14,2009-10,2010-02-05,Home,L,-13,DEN,Western,1,39.16,11,22,0.5,4,8,7,8,9,0,1,0,5,33,18.7,0,0,31
14,2009-10,2010-02-23,Away,W,1,MEM,Western,1,40.01,13,19,0.684,3,4,3,3,7,6,3,2,2,32,31.8,0,0,31
14,2009-10,2010-02-24,Away,L,-5,DAL,Western,1,39.42,9,23,0.391,0,3,2,2,5,2,2,0,2,20,9.2,0,0,31
14,2009-10,2010-02-26,Home,W,9,PHI,Eastern,1,42.14,7,16,0.438,0,1,5,6,4,8,2,0,3,19,15.6,0,0,31
14,2009-10,2010-02-28,Home,W,6,DEN,Western,1,42.58,3,17,0.176,0,2,8,8,5,12,3,2,5,14,12.6,1,0,31
14,2009-10,2010-03-02,Home,W,23,IND,Eastern,1,30.27,5,14,0.357,0,4,14,15,4,6,2,0,3,24,19.8,0,0,31
14,2009-10,2010-03-04,Away,L,-3,MIA,Eastern,1,45.46,15,28,0.536,2,7,7,10,2,4,1,1,2,39,26.1,0,0,31
14,2009-10,2010-03-05,Away,L,-15,CHA,Eastern,1,41.55,9,21,0.429,0,4,8,9,5,2,0,0,3,26,13.6,0,0,31
14,2009-10,2010-03-07,Away,L,-2,ORL,Eastern,1,40.17,12,30,0.4,2,5,8,8,7,7,3,0,1,34,26.4,0,0,31
14,2009-10,2010-03-09,Home,W,2,TOR,Eastern,1,37.2,11,20,0.55,0,1,10,11,6,6,1,0,4,32,23.8,0,0,31
14,2009-10,2010-03-12,Away,W,6,PHO,Western,1,42.2,7,16,0.438,1,5,6,9,10,8,1,0,7,21,13.6,1,0,31
14,2009-10,2010-03-15,Away,W,3,GSW,Western,1,39.54,9,18,0.5,2,4,9,11,3,4,2,0,9,29,15.5,0,0,31
14,2009-10,2010-03-16,Away,W,7,SAC,Western,1,41.18,10,26,0.385,2,5,8,14,9,7,0,0,3,30,18.4,0,0,31
14,2009-10,2010-03-19,Home,W,8,MIN,Western,1,33.53,4,11,0.364,1,5,13,14,4,13,4,0,5,22,23.6,1,0,31
14,2009-10,2010-03-21,Home,W,7,WAS,Eastern,1,39.47,10,17,0.588,4,7,0,0,3,4,0,0,3,24,16.0,0,0,31
14,2009-10,2010-03-24,Away,W,9,SAS,Western,1,42.07,11,16,0.688,2,2,0,0,4,6,0,0,3,24,19.6,0,0,31
14,2009-10,2010-03-26,Away,L,-16,OKC,Western,1,30.01,4,11,0.364,0,2,3,3,6,3,1,0,9,11,-0.4,0,0,31
14,2009-10,2010-03-27,Away,W,8,HOU,Western,1,36.1,7,14,0.5,1,2,2,3,9,9,1,0,5,17,14.2,0,0,31
14,2009-10,2010-03-29,Away,L,-8,NOH,Western,1,41.27,10,18,0.556,2,5,9,11,5,6,1,0,3,31,24.1,0,0,31
14,2009-10,2010-03-31,Away,L,-17,ATL,Eastern,1,41.38,12,21,0.571,2,3,2,6,3,4,0,0,2,28,17.4,0,0,31
14,2009-10,2010-04-02,Home,W,14,UTA,Western,1,36.57,5,23,0.217,0,4,15,18,6,3,1,0,2,25,11.8,0,0,31
14,2009-10,2010-04-04,Home,L,-19,SAS,Western,1,41.13,8,24,0.333,2,6,4,6,8,6,0,0,4,22,10.2,0,0,31
14,2009-10,2010-04-11,Home,L,-3,POR,Western,1,40.07,8,23,0.348,3,6,1,3,4,2,0,0,1,20,7.5,0,0,31
15,2010-11,2010-10-26,Home,W,2,HOU,Western,1,37.04,8,20,0.4,0,3,11,12,5,7,1,0,1,27,21.8,0,0,32
15,2010-11,2010-10-29,Away,W,8,PHO,Western,1,33.54,9,19,0.474,2,5,5,5,7,3,0,0,3,25,16.5,0,0,32
15,2010-11,2010-10-31,Home,W,24,GSW,Western,1,26.59,8,16,0.5,1,4,3,4,7,2,0,0,4,20,11.5,0,0,32
15,2010-11,2010-11-02,Home,W,19,MEM,Western,1,25.46,7,13,0.538,3,5,6,8,5,1,1,0,2,23,16.7,0,0,32
15,2010-11,2010-11-03,Away,W,12,SAC,Western,1,36.28,9,22,0.409,3,6,9,10,10,12,1,0,1,30,28.8,0,1,32
15,2010-11,2010-11-05,Home,W,5,TOR,Eastern,1,34.22,6,12,0.5,0,3,11,12,4,6,3,1,3,23,21.9,0,0,32
15,2010-11,2010-11-07,Home,W,25,POR,Western,1,24.49,3,11,0.273,0,2,6,7,2,1,0,1,3,12,2.5,0,0,32
15,2010-11,2010-11-09,Home,W,5,MIN,Western,1,34.45,12,28,0.429,2,5,7,8,6,2,2,0,4,33,19.0,0,0,32
15,2010-11,2010-11-11,Away,L,-6,DEN,Western,1,41.01,11,32,0.344,3,10,9,13,3,5,1,0,2,34,16.6,0,0,32
15,2010-11,2010-11-14,Home,L,-5,PHO,Western,1,38.2,11,20,0.55,1,4,2,2,9,14,1,0,8,25,20.5,1,0,32
15,2010-11,2010-11-16,Away,W,11,MIL,Eastern,1,33.18,10,23,0.435,0,4,11,11,7,3,1,0,3,31,20.3,0,0,32
15,2010-11,2010-11-17,Away,W,13,DET,Eastern,1,31.44,11,20,0.55,3,6,8,8,9,4,2,0,3,33,27.9,0,0,32
15,2010-11,2010-11-19,Away,W,17,MIN,Western,1,31.24,8,27,0.296,1,4,6,7,8,2,1,1,4,23,8.4,0,0,32
15,2010-11,2010-11-21,Home,W,28,GSW,Western,1,26.39,7,16,0.438,0,2,6,6,6,5,0,0,0,20,16.9,0,0,32
15,2010-11,2010-11-23,Home,W,7,CHI,Eastern,1,37.11,8,18,0.444,1,2,3,3,2,5,1,0,4,20,11.3,0,0,32
15,2010-11,2010-11-26,Away,L,-6,UTA,Western,1,33.4,10,21,0.476,3,5,8,9,3,3,1,0,3,31,20.5,0,0,32
15,2010-11,2010-11-28,Home,L,-3,IND,Eastern,1,39.5,14,33,0.424,3,8,10,13,5,4,0,0,3,41,23.6,0,0,32
15,2010-11,2010-11-30,Away,L,-2,MEM,Western,1,37.02,9,25,0.36,1,6,10,12,7,5,1,0,3,29,18.7,0,0,32
15,2010-11,2010-12-01,Away,L,-10,HOU,Western,1,31.18,10,24,0.417,0,3,7,7,4,4,4,0,2,27,19.4,0,0,32
15,2010-11,2010-12-03,Home,W,33,SAC,Western,1,26.32,9,18,0.5,0,0,4,8,3,4,2,0,1,22,16.1,0,0,32
15,2010-11,2010-12-07,Home,W,7,WAS,Eastern,1,35.09,12,23,0.522,1,6,7,9,5,3,2,0,4,32,21.9,0,0,32
15,2010-11,2010-12-08,Away,W,1,LAC,Western,1,30.41,9,15,0.6,1,2,5,7,2,4,1,0,4,24,16.7,0,0,32
15,2010-11,2010-12-10,Away,L,-4,CHI,Eastern,1,37.47,9,23,0.391,1,4,4,6,5,7,3,1,1,23,17.6,0,0,32
15,2010-11,2010-12-12,Away,W,7,NJN,Eastern,1,35.1,9,19,0.474,3,6,11,13,4,6,4,0,6,32,23.7,0,0,32
15,2010-11,2010-12-14,Away,W,14,WAS,Eastern,1,23.47,7,13,0.538,4,6,6,10,5,4,1,0,1,24,19.2,0,0,32
15,2010-11,2010-12-15,Away,W,15,IND,Eastern,1,34.18,11,18,0.611,4,8,5,5,3,6,0,0,0,31,26.7,0,0,32
15,2010-11,2010-12-17,Away,W,12,PHI,Eastern,1,35.58,3,11,0.273,0,3,3,3,4,4,2,0,3,9,5.1,0,0,32
15,2010-11,2010-12-19,Away,W,10,TOR,Eastern,1,28.19,6,12,0.5,0,2,8,9,3,4,0,0,2,20,14.5,0,0,32
15,2010-11,2010-12-21,Home,L,-19,MIL,Eastern,1,31.39,9,16,0.563,0,2,3,3,3,2,1,0,4,21,12.7,0,0,32
15,2010-11,2010-12-25,Home,L,-16,MIA,Eastern,1,40.05,6,16,0.375,1,3,4,5,6,7,1,0,4,17,9.9,0,0,32
15,2010-11,2010-12-28,Away,L,-15,SAS,Western,1,30.54,8,27,0.296,3,7,2,2,5,1,1,0,5,21,3.1,0,0,32
15,2010-11,2010-12-29,Away,W,15,NOH,Western,1,27.54,8,14,0.571,0,3,4,7,3,4,2,0,7,20,8.9,0,0,32
15,2010-11,2010-12-31,Home,W,4,PHI,Eastern,1,35.02,13,24,0.542,1,3,6,8,4,2,2,0,4,33,21.2,0,0,32
15,2010-11,2011-01-02,Home,L,-19,MEM,Western,1,30.48,10,22,0.455,1,7,7,8,2,2,2,0,3,28,16.4,0,0,32
15,2010-11,2011-01-04,Home,W,25,DET,Eastern,1,29.48,6,18,0.333,0,1,5,8,7,8,1,0,1,17,12.9,0,0,32
15,2010-11,2011-01-05,Away,W,4,PHO,Western,1,35.35,9,17,0.529,2,6,4,6,7,5,1,0,3,24,19.3,0,0,32
15,2010-11,2011-01-07,Home,W,4,NOH,Western,1,39.29,10,19,0.526,1,4,4,5,1,4,1,0,0,25,18.6,0,0,32
15,2010-11,2011-01-09,Home,W,22,NYK,Eastern,1,35.39,10,28,0.357,3,6,4,4,10,5,0,0,4,27,13.1,1,0,32
15,2010-11,2011-01-11,Home,W,55,CLE,Eastern,1,24.38,5,10,0.5,1,2,2,2,5,8,2,0,0,13,16.3,0,0,32
15,2010-11,2011-01-12,Away,W,5,GSW,Western,1,36.27,13,21,0.619,2,5,11,11,6,4,3,0,6,39,31.1,0,0,32
15,2010-11,2011-01-14,Home,W,12,NJN,Eastern,1,35.5,10,19,0.526,0,1,7,9,4,4,0,0,0,27,20.5,0,0,32
15,2010-11,2011-01-16,Away,L,-7,LAC,Western,1,36.37,8,17,0.471,1,7,10,13,9,5,2,0,3,27,23.1,0,0,32
15,2010-11,2011-01-17,Home,W,7,OKC,Western,1,33.11,7,12,0.583,1,1,6,11,5,7,1,0,5,21,16.2,0,0,32
15,2010-11,2011-01-19,Away,L,-9,DAL,Western,1,35.33,10,18,0.556,0,2,1,2,4,10,0,0,3,21,17.2,1,0,32
15,2010-11,2011-01-21,Away,W,10,DEN,Western,1,32.32,8,15,0.533,0,2,2,3,6,7,1,0,1,18,17.0,0,0,32
15,2010-11,2011-01-25,Home,W,29,UTA,Western,1,26.05,7,11,0.636,0,2,7,8,1,6,2,0,3,21,18.4,0,0,32
15,2010-11,2011-01-28,Home,L,-5,SAC,Western,1,38.51,13,27,0.481,2,8,10,12,4,7,3,0,4,38,27.8,0,0,32
15,2010-11,2011-01-30,Home,L,-13,BOS,Eastern,1,38.18,16,29,0.552,3,5,6,7,3,0,0,0,2,41,23.6,0,0,32
15,2010-11,2011-02-01,Home,W,8,HOU,Western,1,45.08,13,25,0.52,0,3,6,7,6,11,1,0,4,32,25.4,1,0,32
15,2010-11,2011-02-03,Home,L,-1,SAS,Western,1,35.13,5,18,0.278,0,3,6,6,9,10,0,0,3,16,11.7,1,0,32
15,2010-11,2011-02-05,Away,W,6,NOH,Western,1,43.09,10,22,0.455,4,5,8,8,9,5,0,1,1,32,26.1,0,0,32
15,2010-11,2011-02-07,Away,W,9,MEM,Western,1,37.41,6,17,0.353,0,1,7,7,7,6,2,0,6,19,11.8,0,0,32
15,2010-11,2011-02-10,Away,W,6,BOS,Eastern,1,37.59,9,17,0.529,0,1,5,6,5,4,0,1,3,23,15.5,0,0,32
15,2010-11,2011-02-11,Away,W,17,NYK,Eastern,1,28.55,12,17,0.706,4,7,5,8,10,2,0,0,5,33,24.9,1,0,32
15,2010-11,2011-02-13,Away,L,-14,ORL,Eastern,1,33.12,8,18,0.444,1,4,0,0,4,5,1,0,2,17,11.7,0,0,32
15,2010-11,2011-02-14,Away,L,-20,CHA,Eastern,1,34.36,8,20,0.4,1,4,3,4,5,2,0,1,5,20,6.2,0,0,32
15,2010-11,2011-02-16,Away,L,-5,CLE,Eastern,1,38.3,8,24,0.333,1,6,0,0,12,2,0,1,7,17,0.9,1,0,32
15,2010-11,2011-02-22,Home,W,24,ATL,Eastern,1,26.29,5,11,0.455,2,4,8,8,3,5,2,0,1,20,18.5,0,0,32
15,2010-11,2011-02-23,Away,W,5,POR,Western,1,45.18,14,31,0.452,3,6,6,7,9,6,3,0,3,37,26.2,0,0,32
15,2010-11,2011-02-25,Home,W,13,LAC,Western,1,26.59,10,16,0.625,2,5,2,3,2,5,0,0,1,24,19.1,0,0,32
15,2010-11,2011-02-27,Away,W,3,OKC,Western,1,36.53,8,22,0.364,1,6,0,0,2,7,1,0,4,17,6.1,0,0,32
15,2010-11,2011-03-01,Away,W,11,MIN,Western,1,31.39,8,18,0.444,1,4,7,8,4,3,0,0,3,24,13.7,0,0,32
15,2010-11,2011-03-04,Home,W,8,CHA,Eastern,1,30.48,10,25,0.4,2,5,5,6,2,3,0,0,3,27,12.0,0,0,32
15,2010-11,2011-03-06,Away,W,16,SAS,Western,1,31.18,12,25,0.48,1,3,1,1,7,5,1,0,1,26,19.3,0,0,32
15,2010-11,2011-03-08,Away,W,14,ATL,Eastern,1,32.03,8,18,0.444,1,4,9,11,6,4,1,1,1,26,21.5,0,0,32
15,2010-11,2011-03-10,Away,L,-6,MIA,Eastern,1,39.31,8,21,0.381,4,8,4,5,2,2,1,0,3,24,10.9,0,0,32
15,2010-11,2011-03-12,Away,W,5,DAL,Western,1,32.56,6,20,0.3,0,3,4,4,5,4,3,0,2,16,10.1,0,0,32
15,2010-11,2011-03-14,Home,W,13,ORL,Eastern,1,30.53,7,19,0.368,0,1,2,2,5,4,1,0,1,16,9.8,0,0,32
15,2010-11,2011-03-18,Home,W,8,MIN,Western,1,28.21,6,17,0.353,2,5,4,5,4,5,1,0,4,18,9.0,0,0,32
15,2010-11,2011-03-20,Home,W,4,POR,Western,1,32.41,9,20,0.45,2,7,2,2,4,3,1,1,3,22,13.2,0,0,32
15,2010-11,2011-03-22,Home,W,2,PHO,Western,1,48.0,15,31,0.484,3,5,9,11,12,9,1,0,3,42,33.8,1,0,32
15,2010-11,2011-03-25,Home,W,8,LAC,Western,1,34.41,11,21,0.524,1,5,14,17,4,6,2,0,4,37,28.9,0,0,32
15,2010-11,2011-03-27,Home,W,18,NOH,Western,1,35.35,11,25,0.44,1,6,7,8,3,5,2,0,0,30,22.5,0,0,32
15,2010-11,2011-03-31,Home,W,28,DAL,Western,1,30.16,8,21,0.381,1,5,11,15,5,4,2,0,4,28,17.2,0,0,32
15,2010-11,2011-04-01,Away,W,11,UTA,Western,1,30.39,6,14,0.429,2,4,7,10,5,4,0,0,1,21,15.3,0,0,32
15,2010-11,2011-04-03,Home,L,-5,DEN,Western,1,37.42,10,27,0.37,0,4,8,9,4,4,3,0,2,28,17.7,0,0,32
15,2010-11,2011-04-05,Home,L,-1,UTA,Western,1,33.33,6,18,0.333,2,6,6,6,3,5,0,0,7,20,5.6,0,0,32
15,2010-11,2011-04-06,Away,L,-8,GSW,Western,1,31.55,10,20,0.5,1,5,4,6,2,2,4,0,3,25,16.8,0,0,32
15,2010-11,2011-04-08,Away,L,-7,POR,Western,1,31.57,10,25,0.4,4,8,0,3,2,4,0,0,3,24,9.3,0,0,32
15,2010-11,2011-04-10,Home,L,-14,OKC,Western,1,31.16,10,19,0.526,2,4,9,10,4,4,3,1,4,31,24.6,0,0,32
15,2010-11,2011-04-12,Home,W,9,SAS,Western,1,36.34,8,21,0.381,2,6,9,9,6,4,0,0,4,27,14.9,0,0,32
15,2010-11,2011-04-13,Away,W,8,SAC,Western,1,38.11,13,24,0.542,1,2,9,10,9,6,1,1,2,36,31.0,0,0,32
